player_id,name,position,projected_war,marcel_war,statcast_adjustment,age,prior_3yr_war,prior_3yr_pa_or_ip
677594,Julio Rodríguez,batter,6.743,7.204,-0.46,23.0,11.75,1302.0
665742,Juan Soto,batter,6.403,6.403,0.0,25.0,18.09,2078.0
665487,Fernando Tatís,batter,6.294,5.982,0.313,25.0,11.84,1181.0
592450,Aaron Judge,batter,6.141,5.729,0.412,32.0,21.21,1829.0
605141,Mookie Betts,batter,5.811,6.209,-0.398,31.0,19.35,1965.0
663586,Austin Riley,batter,5.756,5.756,0.0,27.0,18.76,2171.0
671739,Michael Harris,batter,5.676,5.676,0.0,23.0,8.6,1007.0
660670,Ronald Acuña,batter,5.508,5.166,0.341,26.0,14.2,1662.0
677551,Wander Franco,batter,5.389,5.389,0.0,23.0,11.25,1172.0
621566,Matt Olson,batter,5.299,5.299,0.0,30.0,16.77,2126.0
683002,Gunnar Henderson,batter,5.196,5.196,0.0,23.0,7.05,767.0
645261,Sandy Alcántara,pitcher,5.154,5.154,0.0,28.0,16.07,617.6
663656,Kyle Tucker,batter,5.019,5.019,0.0,27.0,16.25,2021.0
543760,Marcus Semien,batter,4.941,5.381,-0.44,33.0,20.53,2283.0
608369,Corey Seager,batter,4.93,4.65,0.28,30.0,14.41,1743.0
608070,José Ramírez,batter,4.906,5.219,-0.313,31.0,17.43,2044.0
683011,Anthony Volpe,batter,4.867,4.867,0.0,23.0,3.25,601.0
665926,Andrés Giménez,batter,4.797,5.253,-0.456,25.0,13.3,1412.0
668939,Adley Rutschman,batter,4.782,4.782,0.0,26.0,9.75,1170.0
670541,Yordan Álvarez,batter,4.768,4.506,0.262,27.0,14.45,1834.0
596019,Francisco Lindor,batter,4.712,4.712,0.0,30.0,14.57,1929.0
657277,Logan Webb,pitcher,4.658,4.658,0.0,27.0,14.02,571.1
666182,Bo Bichette,batter,4.588,4.843,-0.255,26.0,14.33,2005.0
665489,Vladimir Guerrero,batter,4.527,4.527,0.0,25.0,12.32,2103.0
682998,Corbin Carroll,batter,4.514,5.014,-0.5,23.0,6.51,838.0
660271,Shohei Ohtani,batter,4.506,4.506,0.0,29.0,14.4,1904.0
660271,Shohei Ohtani,pitcher,4.442,4.442,0.0,29.0,14.12,428.1
691587,Eury Pérez,pitcher,4.297,4.297,0.0,21.0,2.72,91.1
607208,Trea Turner,batter,4.255,4.52,-0.265,31.0,15.22,2171.0
621020,Dansby Swanson,batter,4.248,4.248,0.0,30.0,12.94,2065.0
543037,Gerrit Cole,pitcher,4.191,4.191,0.0,33.0,15.68,611.1
677951,Bobby Witt,batter,4.18,4.18,0.0,24.0,5.21,1326.0
665161,Jeremy Peña,batter,4.175,4.467,-0.292,26.0,8.84,1295.0
680757,Steven Kwan,batter,4.151,4.468,-0.317,26.0,8.88,1388.0
518692,Freddie Freeman,batter,4.15,4.15,0.0,34.0,17.77,2232.0
669203,Corbin Burnes,pitcher,4.089,4.089,0.0,29.0,13.09,572.2
673540,Kodai Senga,pitcher,4.067,4.067,0.0,31.0,4.47,166.1
593428,Xander Bogaerts,batter,4.04,4.54,-0.5,31.0,15.01,1950.0
676440,Tanner Bibee,pitcher,3.996,4.468,-0.472,25.0,3.87,142.0
668678,Zac Gallen,pitcher,3.978,3.978,0.0,28.0,11.74,548.3
673357,Luis Robert,batter,3.93,3.93,0.0,26.0,11.18,1310.0
608331,Max Fried,pitcher,3.894,3.894,0.0,30.0,12.68,462.5
682928,CJ Abrams,batter,3.848,3.848,0.0,23.0,3.51,916.0
621043,Carlos Correa,batter,3.846,3.846,0.0,29.0,13.92,1902.0
608324,Alex Bregman,batter,3.839,3.839,0.0,30.0,11.61,1956.0
666969,Adolis García,batter,3.825,3.825,0.0,31.0,12.08,1979.0
592518,Manny Machado,batter,3.778,4.278,-0.5,31.0,14.47,1937.0
641487,J. P. Crawford,batter,3.719,3.719,0.0,29.0,11.54,1952.0
680574,Matt McLain,batter,3.715,4.215,-0.5,24.0,3.57,403.0
669257,Will Smith,batter,3.71,3.71,0.0,29.0,11.91,1714.0
673490,Ha-Seong Kim,batter,3.696,4.025,-0.33,28.0,12.49,1555.0
624413,Pete Alonso,batter,3.625,3.625,0.0,29.0,11.75,1992.0
646240,Rafael Devers,batter,3.613,3.613,0.0,27.0,11.56,1985.0
656305,Matt Chapman,batter,3.606,3.606,0.0,31.0,11.4,1841.0
669242,Tommy Edman,batter,3.582,3.582,0.0,29.0,11.99,1861.0
682985,Riley Greene,batter,3.551,3.551,0.0,23.0,3.18,834.0
554430,Zack Wheeler,pitcher,3.551,3.551,0.0,34.0,16.49,620.5
622491,Luis Castillo,pitcher,3.548,3.548,0.0,31.0,11.23,548.4
547180,Bryce Harper,batter,3.518,3.518,0.0,31.0,12.02,1697.0
621111,Walker Buehler,pitcher,3.502,3.002,0.5,29.0,7.47,291.0
607043,Brandon Nimmo,batter,3.478,3.874,-0.396,31.0,12.45,1754.0
642715,Willy Adames,batter,3.456,3.456,0.0,28.0,11.42,1835.0
650333,Luis Arráez,batter,3.434,3.726,-0.292,27.0,11.8,1707.0
675911,Spencer Strider,pitcher,3.412,3.412,0.0,25.0,6.81,335.2
605483,Blake Snell,pitcher,3.384,3.64,-0.256,31.0,10.1,449.4
605400,Aaron Nola,pitcher,3.377,3.377,0.0,31.0,10.4,626.6
656302,Dylan Cease,pitcher,3.369,3.663,-0.294,28.0,11.57,528.1
663647,Ke'Bryan Hayes,batter,3.344,3.344,0.0,27.0,10.67,1481.0
687263,Zach Neto,batter,3.343,3.343,0.0,23.0,1.56,329.0
656775,Cedric Mullins,batter,3.288,3.734,-0.446,29.0,13.01,1814.0
668804,Bryan Reynolds,batter,3.279,3.279,0.0,29.0,11.34,1900.0
681082,Bryson Stott,batter,3.261,3.261,0.0,26.0,5.53,1208.0
669221,Sean Murphy,batter,3.256,3.256,0.0,29.0,10.44,1505.0
668881,Hunter Greene,pitcher,3.203,2.894,0.309,24.0,2.97,237.2
663538,Nico Hoerner,batter,3.154,3.569,-0.416,27.0,10.82,1375.0
671096,Andrew Abbott,pitcher,3.148,3.403,-0.255,25.0,2.74,109.1
605540,Brandon Woodruff,pitcher,3.141,3.141,0.0,31.0,10.69,406.3
592663,J.T. Realmuto,batter,3.14,3.14,0.0,33.0,13.55,1763.0
672386,Alejandro Kirk,batter,3.138,3.138,0.0,25.0,6.77,1169.0
628711,Julio Urías,pitcher,3.129,2.857,0.272,27.0,9.91,497.3
672515,Gabriel Moreno,batter,3.12,3.598,-0.479,24.0,4.93,523.0
669923,George Kirby,pitcher,3.102,3.102,0.0,26.0,5.12,328.2
641857,Ryan McMahon,batter,3.093,3.093,0.0,29.0,10.12,1820.0
672282,Reid Detmers,pitcher,3.086,3.086,0.0,24.0,4.33,297.4
641154,Pablo López,pitcher,3.056,3.056,0.0,28.0,9.3,488.4
669357,Nolan Gorman,batter,3.043,3.043,0.0,24.0,3.09,778.0
664285,Framber Valdez,pitcher,3.035,3.035,0.0,30.0,9.11,590.2
624133,Ranger Suárez,pitcher,3.032,3.032,0.0,28.0,10.31,419.2
656756,Jordan Montgomery,pitcher,3.024,3.024,0.0,31.0,9.13,557.3
593871,Jorge Polanco,batter,3.004,2.686,0.318,30.0,9.61,1458.0
668930,Brice Turang,batter,2.985,2.985,0.0,24.0,1.51,453.0
682829,Elly De La Cruz,batter,2.962,2.962,0.0,22.0,0.74,427.0
679032,Johan Rojas,batter,2.958,3.458,-0.5,23.0,2.37,209.0
662139,Daulton Varsho,batter,2.917,3.231,-0.314,27.0,10.1,1494.0
678662,Ezequiel Tovar,batter,2.915,3.215,-0.3,22.0,2.18,650.0
605397,Joe Musgrove,pitcher,2.883,2.883,0.0,31.0,9.33,477.4
668909,Gavin Williams,pitcher,2.881,3.183,-0.302,24.0,1.98,82.0
663556,Shane McClanahan,pitcher,2.873,2.873,0.0,27.0,8.74,417.1
693821,Bryce Elder,pitcher,2.85,2.85,0.0,25.0,3.67,231.1
575929,Willson Contreras,batter,2.836,2.836,0.0,32.0,11.32,1465.0
680869,Zack Gelof,batter,2.818,3.318,-0.5,24.0,2.51,300.0
678394,Brayan Bello,pitcher,2.802,2.802,0.0,25.0,3.49,214.1
664023,Ian Happ,batter,2.801,3.127,-0.326,29.0,9.41,1867.0
571448,Nolan Arenado,batter,2.781,3.238,-0.457,33.0,14.3,1897.0
681857,Reese Olson,pitcher,2.773,2.773,0.0,24.0,1.35,103.2
670623,Isaac Paredes,batter,2.749,3.249,-0.5,25.0,6.4,1049.0
677950,Alek Thomas,batter,2.744,2.744,0.0,24.0,2.44,872.0
606192,Teoscar Hernández,batter,2.716,2.716,0.0,31.0,8.82,1817.0
666200,Jesús Luzardo,pitcher,2.714,2.714,0.0,26.0,5.34,377.4
671213,Triston Casas,batter,2.708,2.708,0.0,24.0,2.34,597.0
645277,Ozzie Albies,batter,2.704,3.066,-0.361,27.0,9.6,1701.0
690986,Kyle Harrison,pitcher,2.702,2.265,0.437,22.0,0.22,34.2
669261,Jack Suwinski,batter,2.683,2.683,0.0,25.0,3.4,906.0
545361,Mike Trout,batter,2.657,2.657,0.0,32.0,10.95,1007.0
666397,Edouard Julien,batter,2.652,3.152,-0.5,25.0,2.59,430.0
668227,Randy Arozarena,batter,2.645,3.145,-0.5,29.0,10.12,1940.0
592332,Kevin Gausman,pitcher,2.642,2.642,0.0,33.0,11.68,567.1
680694,Kyle Bradish,pitcher,2.631,2.631,0.0,27.0,5.0,290.3
650402,Gleyber Torres,batter,2.63,2.63,0.0,27.0,7.67,1801.0
671106,Logan Allen,pitcher,2.625,2.625,0.0,25.0,1.72,125.1
601713,Nick Pivetta,pitcher,2.621,2.36,0.261,31.0,7.31,489.6
682626,Francisco Álvarez,batter,2.619,2.619,0.0,22.0,0.97,438.0
650490,Yandy Díaz,batter,2.61,2.88,-0.27,32.0,10.06,1733.0
666129,Braxton Garrett,pitcher,2.593,2.593,0.0,26.0,5.56,284.2
663457,Lars Nootbaar,batter,2.592,2.592,0.0,26.0,6.5,982.0
676272,Bobby Miller,pitcher,2.563,2.825,-0.262,25.0,1.96,126.0
661395,Jhoan Duran,pitcher,2.551,2.551,0.0,26.0,4.83,134.3
666185,Dylan Carlson,batter,2.55,2.55,0.0,25.0,5.47,1370.0
677592,Everson Pereira,batter,2.546,2.046,0.5,23.0,-0.61,103.0
669456,Shane Bieber,pitcher,2.518,2.518,0.0,29.0,8.0,437.3
671732,Lawrence Butler,batter,2.516,2.078,0.438,23.0,-0.54,129.0
669022,MacKenzie Gore,pitcher,2.494,2.177,0.316,25.0,2.23,206.1
663993,Nathaniel Lowe,batter,2.494,2.781,-0.287,28.0,8.43,2083.0
656555,Rhys Hoskins,batter,2.49,2.49,0.0,31.0,5.15,1188.0
606466,Ketel Marte,batter,2.463,2.82,-0.357,30.0,8.21,1661.0
680570,Grayson Rodriguez,pitcher,2.447,2.447,0.0,24.0,0.9,123.2
680977,Brendan Donovan,batter,2.444,2.444,0.0,27.0,5.84,846.0
686217,Sal Frelick,batter,2.435,2.435,0.0,24.0,1.14,232.0
621439,Byron Buxton,batter,2.425,2.425,0.0,30.0,9.53,984.0
671737,Taj Bradley,pitcher,2.423,1.923,0.5,23.0,-0.35,104.2
666971,Lourdes Gurriel,batter,2.398,2.398,0.0,30.0,7.38,1696.0
630105,Jake Cronenworth,batter,2.397,2.718,-0.32,30.0,9.51,1898.0
694497,Evan Carter,batter,2.394,2.894,-0.5,21.0,1.59,147.0
669302,Logan Gilbert,pitcher,2.39,2.39,0.0,27.0,6.85,500.3
691026,Masyn Winn,batter,2.387,2.074,0.314,22.0,-0.56,137.0
666201,Alek Manoah,pitcher,2.37,2.669,-0.3,26.0,7.74,400.4
691016,Tyler Soderstrom,batter,2.366,1.866,0.5,22.0,-1.13,138.0
664034,Ty France,batter,2.352,2.352,0.0,29.0,8.02,1955.0
673237,Yainer Diaz,batter,2.35,2.35,0.0,25.0,3.12,400.0
665750,Leody Taveras,batter,2.339,2.339,0.0,25.0,3.24,1147.0
663728,Cal Raleigh,batter,2.329,2.329,0.0,27.0,6.73,1156.0
672695,Geraldo Perdomo,batter,2.325,2.665,-0.34,24.0,2.97,1095.0
663757,Trent Grisham,batter,2.325,2.325,0.0,27.0,7.62,1652.0
672275,Patrick Bailey,batter,2.322,1.954,0.368,25.0,0.84,353.0
680686,Josiah Gray,pitcher,2.315,1.907,0.408,26.0,3.46,377.4
642585,Félix Bautista,pitcher,2.313,2.313,0.0,29.0,5.38,126.2
694384,Nolan Schanuel,batter,2.299,2.299,0.0,22.0,0.08,132.0
681217,Chase Silseth,pitcher,2.292,1.792,0.5,24.0,0.37,80.3
677053,Andrew Nardi,pitcher,2.29,1.79,0.5,25.0,1.57,72.4
677595,Ronny Mauricio,batter,2.286,2.286,0.0,23.0,0.16,108.0
666624,Christopher Morel,batter,2.284,2.284,0.0,25.0,2.47,854.0
608337,Lucas Giolito,pitcher,2.28,1.866,0.414,29.0,6.31,528.3
607074,Carlos Rodón,pitcher,2.261,2.531,-0.27,31.0,9.47,377.2
672582,Angel Zerpa,pitcher,2.243,1.743,0.5,24.0,0.76,58.2
661388,William Contreras,batter,2.236,2.736,-0.5,26.0,6.4,1192.0
656941,Kyle Schwarber,batter,2.224,1.946,0.278,31.0,6.43,2040.0
682848,Endy Rodríguez,batter,2.224,1.942,0.281,24.0,0.2,204.0
660688,Keibert Ruiz,batter,2.222,2.222,0.0,25.0,3.41,1091.0
668933,Graham Ashcraft,pitcher,2.214,2.214,0.0,26.0,3.35,250.2
682641,Luis Matos,batter,2.201,2.201,0.0,22.0,-0.37,253.0
621107,Zach Eflin,pitcher,2.201,2.201,0.0,30.0,6.46,373.5
669720,Austin Hays,batter,2.198,2.698,-0.5,28.0,8.78,1690.0
572233,Christian Walker,batter,2.195,2.195,0.0,33.0,9.34,1848.0
682622,Noelvi Marte,batter,2.191,2.526,-0.335,22.0,0.79,123.0
592662,Robbie Ray,pitcher,2.173,1.687,0.486,32.0,8.67,388.4
672580,Maikel García,batter,2.173,2.173,0.0,24.0,0.98,538.0
687093,Vaughn Grissom,batter,2.172,2.172,0.0,23.0,0.06,240.0
691023,Jordan Walker,batter,2.171,2.43,-0.26,22.0,-0.11,465.0
666158,Gavin Lux,batter,2.168,2.486,-0.318,26.0,4.22,883.0
663624,Ryan Mountcastle,batter,2.165,1.665,0.5,27.0,4.7,1678.0
571970,Max Muncy,batter,2.165,2.165,0.0,33.0,10.59,1764.0
678009,Parker Meadows,batter,2.145,2.145,0.0,24.0,0.95,145.0
595879,Javier Báez,batter,2.138,2.138,0.0,31.0,7.49,1684.0
664040,Brandon Lowe,batter,2.129,2.129,0.0,29.0,7.55,1335.0
643446,Jeff McNeil,batter,2.113,2.613,-0.5,32.0,9.75,1674.0
596146,Max Kepler,batter,2.112,2.112,0.0,31.0,6.47,1451.0
687952,Christian Encarnacion-Strand,batter,2.107,2.107,0.0,24.0,0.45,241.0
693433,Bryan Woo,pitcher,2.099,2.099,0.0,24.0,0.53,87.2
657006,Justin Steele,pitcher,2.086,2.086,0.0,28.0,5.85,349.1
673548,Seiya Suzuki,batter,2.083,2.378,-0.294,29.0,4.97,1029.0
642547,Freddy Peralta,pitcher,2.076,2.076,0.0,28.0,6.86,396.3
664702,Myles Straw,batter,2.073,2.073,0.0,29.0,6.92,1779.0
592836,Taijuan Walker,pitcher,2.069,2.069,0.0,31.0,5.79,488.3
682243,Bryce Miller,pitcher,2.065,2.065,0.0,25.0,1.03,131.1
502671,Paul Goldschmidt,batter,2.063,2.487,-0.424,36.0,16.88,2030.0
682990,Quinn Priester,pitcher,2.059,1.559,0.5,23.0,-0.93,50.0
666157,Nick Lodolo,pitcher,2.058,1.558,0.5,26.0,2.6,137.2
623993,Anthony Santander,batter,2.056,2.056,0.0,29.0,5.58,1754.0
686894,Joey Wiemer,batter,2.049,2.049,0.0,25.0,0.9,410.0
650633,Mike King,pitcher,2.048,2.048,0.0,29.0,6.15,218.3
672284,Jarred Kelenic,batter,2.044,2.044,0.0,24.0,0.24,992.0
592885,Christian Yelich,batter,2.036,2.036,0.0,32.0,7.33,1805.0
642708,Amed Rosario,batter,2.035,2.035,0.0,28.0,6.51,1835.0
663474,Triston McKenzie,pitcher,2.026,2.026,0.0,26.0,4.97,338.1
682227,Brandon Williamson,pitcher,2.024,2.024,0.0,26.0,1.62,117.0
671277,Luis García,batter,2.018,2.018,0.0,24.0,0.89,1106.0
676801,Chas McCormick,batter,1.999,2.35,-0.351,29.0,7.43,1288.0
657077,Alex Verdugo,batter,1.999,1.999,0.0,28.0,5.88,1897.0
676059,Jordan Westburg,batter,1.995,1.995,0.0,25.0,1.24,237.0
672715,Luis Patiño,pitcher,1.985,1.485,0.5,24.0,-0.35,120.4
641816,Tyler Mahle,pitcher,1.958,1.958,0.0,29.0,7.36,325.4
600869,Jeimer Candelario,batter,1.954,2.311,-0.357,30.0,7.31,1669.0
661403,Emmanuel Clase,pitcher,1.953,2.232,-0.28,26.0,6.2,219.6
641680,Jonah Heim,batter,1.952,1.952,0.0,29.0,5.39,1307.0
641482,Néstor Cortés,pitcher,1.947,2.214,-0.266,29.0,7.61,326.2
665871,Javier Assad,pitcher,1.943,1.943,0.0,26.0,3.04,146.3
668731,Akil Baddoo,batter,1.942,1.942,0.0,25.0,3.06,1043.0
669016,Brandon Marsh,batter,1.938,2.438,-0.5,26.0,5.37,1280.0
642207,Devin Williams,pitcher,1.936,1.936,0.0,29.0,6.34,173.3
543243,Sonny Gray,pitcher,1.921,2.256,-0.335,34.0,11.15,447.3
666134,Nolan Jones,batter,1.915,2.415,-0.5,26.0,4.36,518.0
672820,Lenyn Sosa,batter,1.911,1.411,0.5,24.0,-1.21,209.0
621493,Taylor Ward,batter,1.908,1.908,0.0,30.0,5.87,1210.0
602104,Ramón Urías,batter,1.901,2.229,-0.328,30.0,7.52,1139.0
672478,Jordan Diaz,batter,1.897,1.897,0.0,23.0,-1.05,344.0
673962,Josh Jung,batter,1.891,1.891,0.0,26.0,2.65,687.0
621242,Edwin Díaz,pitcher,1.884,1.884,0.0,30.0,4.24,126.4
676664,JP Sears,pitcher,1.882,1.882,0.0,28.0,3.69,242.1
641933,Tyler O'Neill,batter,1.882,1.882,0.0,29.0,7.74,1191.0
686218,Emmet Sheehan,pitcher,1.869,1.869,0.0,24.0,0.27,64.0
643396,Isiah Kiner-Falefa,batter,1.861,1.861,0.0,29.0,6.71,1589.0
681351,Logan O'Hoppe,batter,1.845,1.845,0.0,24.0,0.55,215.0
607536,Kyle Freeland,pitcher,1.837,1.837,0.0,31.0,5.75,449.6
686613,Hunter Brown,pitcher,1.835,1.464,0.371,25.0,0.87,186.2
665795,Edward Cabrera,pitcher,1.835,1.835,0.0,26.0,3.7,196.5
696136,Jordan Wicks,pitcher,1.827,1.827,0.0,24.0,0.33,34.2
643217,Andrew Benintendi,batter,1.825,1.825,0.0,29.0,6.12,1680.0
670764,Taylor Walls,batter,1.82,1.82,0.0,27.0,5.94,1002.0
593958,Eduardo Rodríguez,pitcher,1.811,1.811,0.0,31.0,5.18,413.3
669467,Andre Pallante,pitcher,1.797,1.797,0.0,25.0,1.76,176.2
679529,Spencer Torkelson,batter,1.794,1.794,0.0,24.0,-0.39,1088.0
672710,Roansy Contreras,pitcher,1.793,1.793,0.0,24.0,0.9,166.1
668901,Mark Vientos,batter,1.789,1.373,0.415,24.0,-1.24,274.0
605447,Jordan Romano,pitcher,1.782,2.18,-0.397,31.0,7.44,188.3
660813,Brusdar Graterol,pitcher,1.779,2.104,-0.325,25.0,3.05,163.2
683146,Brett Baty,batter,1.772,1.437,0.334,24.0,-1.0,431.0
678894,Liover Peguero,batter,1.768,2.08,-0.312,23.0,-0.43,217.0
665862,Jazz Chisholm,batter,1.763,2.13,-0.367,26.0,5.58,1139.0
656605,Mitch Keller,pitcher,1.744,1.744,0.0,28.0,4.46,453.3
676609,José Caballero,batter,1.741,1.741,0.0,27.0,2.47,280.0
681190,Randy Vásquez,pitcher,1.74,1.74,0.0,25.0,1.02,37.2
514888,José Altuve,batter,1.738,2.238,-0.5,34.0,12.54,1882.0
665804,Miguel Amaya,batter,1.733,1.43,0.302,25.0,0.33,156.0
605137,Josh Bell,batter,1.729,1.729,0.0,31.0,5.85,1877.0
676116,Ryan Noda,batter,1.727,1.982,-0.255,28.0,2.18,495.0
669397,Nick Allen,batter,1.711,1.711,0.0,25.0,1.26,655.0
672356,Gabriel Arias,batter,1.709,1.709,0.0,24.0,-0.15,413.0
553993,Eugenio Suárez,batter,1.698,1.698,0.0,32.0,5.92,1918.0
678246,Miguel Vargas,batter,1.691,1.691,0.0,24.0,-0.25,354.0
672724,Oswald Peraza,batter,1.686,1.686,0.0,24.0,0.0,251.0
663898,Brendan Rodgers,batter,1.683,1.683,0.0,27.0,5.76,1188.0
670032,Nicky Lopez,batter,1.678,1.678,0.0,29.0,5.96,1307.0
664299,Cristian Javier,pitcher,1.677,1.991,-0.314,27.0,6.13,446.1
621121,Lance McCullers,pitcher,1.67,2.06,-0.39,30.0,4.75,236.0
669701,Josh Smith,batter,1.667,1.176,0.491,26.0,1.17,485.0
621244,José Berríos,pitcher,1.666,1.666,0.0,30.0,5.2,556.2
682842,Abner Uribe,pitcher,1.666,2.166,-0.5,24.0,0.97,32.0
662253,Andrés Muñoz,pitcher,1.665,1.665,0.0,25.0,2.04,119.4
666120,Ian Anderson,pitcher,1.66,1.66,0.0,26.0,2.72,256.3
641540,Dane Dunning,pitcher,1.655,1.655,0.0,29.0,4.52,449.5
666142,Cole Ragans,pitcher,1.65,1.65,0.0,26.0,2.23,136.0
660821,Jesús Sánchez,batter,1.644,1.644,0.0,26.0,3.36,1001.0
596115,Trevor Story,batter,1.638,1.999,-0.361,31.0,7.64,1159.0
677960,Ryan Weathers,pitcher,1.625,1.202,0.422,24.0,-1.3,154.6
678606,Jose Ferrer,pitcher,1.619,1.619,0.0,24.0,-0.04,34.0
670912,Johan Oviedo,pitcher,1.617,1.617,0.0,26.0,2.7,295.3
649966,Luis Urías,batter,1.609,1.609,0.0,27.0,6.02,1231.0
663903,Brady Singer,pitcher,1.608,1.608,0.0,27.0,4.78,440.4
666139,Josh Lowe,batter,1.608,1.951,-0.343,26.0,4.08,706.0
656876,Drew Rasmussen,pitcher,1.599,1.858,-0.259,28.0,6.07,269.4
622761,Jorge Mateo,batter,1.596,1.596,0.0,29.0,5.03,1097.0
664062,Tony Gonsolin,pitcher,1.592,1.592,0.0,30.0,5.35,293.4
671221,Drew Waters,batter,1.59,1.59,0.0,25.0,0.97,446.0
680777,Ryan Jeffers,batter,1.588,1.588,0.0,27.0,4.75,887.0
657656,Ramón Laureano,batter,1.588,1.588,0.0,29.0,5.28,1165.0
664747,Alexis Díaz,pitcher,1.587,2.039,-0.452,27.0,4.84,130.3
669387,Carmen Mlodzinski,pitcher,1.586,1.586,0.0,25.0,0.77,36.0
596142,Gary Sánchez,batter,1.582,1.287,0.295,31.0,3.57,1179.0
641585,J. P. France,pitcher,1.57,1.57,0.0,29.0,1.62,139.1
666310,Bo Naylor,batter,1.567,2.067,-0.5,24.0,1.26,238.0
660162,Yoán Moncada,batter,1.567,1.567,0.0,29.0,5.66,1423.0
668715,Spencer Steer,batter,1.567,2.067,-0.5,26.0,2.98,773.0
669477,Casey Schmitt,batter,1.56,1.178,0.382,25.0,-0.43,277.0
665506,Cristian Pache,batter,1.559,1.065,0.493,25.0,-0.96,433.0
664056,Harrison Bader,batter,1.558,1.558,0.0,30.0,5.9,1097.0
668904,Royce Lewis,batter,1.552,2.052,-0.5,25.0,2.72,306.0
666277,George Soriano,pitcher,1.547,1.547,0.0,25.0,0.57,53.0
641927,Bailey Ober,pitcher,1.538,1.794,-0.257,28.0,5.18,296.3
657041,Lane Thomas,batter,1.537,2.005,-0.468,28.0,5.54,1494.0
686668,Brenton Doyle,batter,1.529,1.529,0.0,26.0,0.84,431.0
593423,Frankie Montas,pitcher,1.518,1.251,0.267,31.0,4.79,333.2
608379,Michael Wacha,pitcher,1.518,1.518,0.0,32.0,5.45,388.3
660620,Jonathan Araúz,batter,1.516,1.016,0.5,25.0,-0.73,182.0
664774,LaMonte Wade,batter,1.501,1.501,0.0,30.0,4.33,1162.0
676475,Alec Burleson,batter,1.499,1.019,0.48,25.0,-0.71,400.0
669713,Hayden Wesneski,pitcher,1.495,1.034,0.46,26.0,1.15,122.1
663697,Jonathan India,batter,1.494,1.494,0.0,27.0,5.08,1591.0
545333,Trevor Bauer,pitcher,1.493,1.493,0.0,33.0,3.11,107.2
656945,Tanner Scott,pitcher,1.489,1.489,0.0,29.0,3.9,195.2
657746,Joe Ryan,pitcher,1.488,1.488,0.0,28.0,4.25,336.4
605488,Jeffrey Springs,pitcher,1.487,1.487,0.0,31.0,4.79,195.3
676979,Garrett Crochet,pitcher,1.486,1.486,0.0,25.0,1.49,68.4
686973,Louis Varland,pitcher,1.48,0.98,0.5,26.0,0.95,94.2
607192,Tyler Glasnow,pitcher,1.478,1.478,0.0,30.0,4.83,224.2
608566,Germán Márquez,pitcher,1.478,1.135,0.343,29.0,3.98,381.2
605130,Scott Barlow,pitcher,1.47,1.47,0.0,31.0,5.5,216.2
666721,Max Castillo,pitcher,1.466,1.003,0.462,25.0,-0.35,59.2
676369,Nelson Velázquez,batter,1.464,1.464,0.0,25.0,0.53,385.0
543135,Nathan Eovaldi,pitcher,1.463,1.188,0.275,34.0,8.67,492.3
664913,Seth Brown,batter,1.463,1.184,0.279,31.0,3.73,1240.0
624428,Adam Frazier,batter,1.462,1.462,0.0,32.0,6.55,1725.0
641355,Cody Bellinger,batter,1.461,1.961,-0.5,28.0,4.49,1502.0
666808,Camilo Doval,pitcher,1.46,1.719,-0.258,26.0,3.84,164.6
676914,Davis Schneider,batter,1.456,1.956,-0.5,25.0,1.82,141.0
696285,Jacob Young,batter,1.453,1.953,-0.5,24.0,0.59,121.0
677649,Ezequiel Duran,batter,1.451,1.819,-0.367,25.0,1.33,659.0
608336,Joey Gallo,batter,1.444,1.444,0.0,30.0,5.4,1362.0
622534,Manuel Margot,batter,1.44,1.44,0.0,29.0,5.1,1187.0
663776,Patrick Sandoval,pitcher,1.434,1.734,-0.3,27.0,5.72,379.4
606303,Joel Payamps,pitcher,1.428,1.146,0.282,30.0,3.57,177.4
667755,José Soriano,pitcher,1.423,1.423,0.0,25.0,0.44,42.0
518876,Merrill Kelly,pitcher,1.423,1.423,0.0,35.0,10.18,559.3
572191,Michael Taylor,batter,1.409,1.409,0.0,33.0,8.15,1386.0
669289,Santiago Espinal,batter,1.406,1.406,0.0,29.0,5.04,997.0
686681,Michael Massey,batter,1.403,1.03,0.373,26.0,0.73,655.0
605280,Clay Holmes,pitcher,1.402,1.402,0.0,31.0,4.47,204.2
656557,Tanner Houck,pitcher,1.387,1.387,0.0,28.0,4.46,245.1
663947,Tyler Holton,pitcher,1.384,1.384,0.0,28.0,2.99,94.1
623352,Josh Hader,pitcher,1.372,1.372,0.0,30.0,4.78,171.4
682847,Luis Ortiz,pitcher,1.372,1.372,0.0,25.0,0.61,102.2
623465,Evan Phillips,pitcher,1.365,1.365,0.0,29.0,4.29,145.4
453286,Max Scherzer,pitcher,1.355,1.355,0.0,39.0,14.38,508.2
656629,Michael Kopech,pitcher,1.35,1.35,0.0,28.0,4.35,320.3
665622,Luis Medina,pitcher,1.348,1.348,0.0,25.0,0.18,109.2
676477,Garrett Whitlock,pitcher,1.346,1.346,0.0,28.0,4.95,230.5
670174,Josh Winckowski,pitcher,1.342,1.342,0.0,26.0,1.48,154.2
669004,MJ Melendez,batter,1.34,1.34,0.0,25.0,0.09,1136.0
643376,Danny Jansen,batter,1.335,1.653,-0.318,29.0,5.82,762.0
681481,Kerry Carpenter,batter,1.319,1.693,-0.373,26.0,2.39,572.0
669432,Trevor Rogers,pitcher,1.318,1.318,0.0,26.0,3.29,258.0
666619,Gregory Santos,pitcher,1.317,1.817,-0.5,24.0,0.53,71.3
650644,Aaron Civale,pitcher,1.304,1.304,0.0,29.0,3.83,343.3
669707,Jared Triolo,batter,1.3,1.8,-0.5,26.0,2.03,209.0
670280,David Bednar,pitcher,1.297,1.797,-0.5,29.0,5.97,178.5
686527,Dominic Canzone,batter,1.281,0.781,0.5,26.0,-0.11,182.0
681546,James Outman,batter,1.276,1.776,-0.5,27.0,3.82,589.0
686753,Drey Jameson,pitcher,1.273,1.273,0.0,26.0,2.01,64.3
678225,Ji Hwan Bae,batter,1.266,1.745,-0.478,24.0,0.04,408.0
665828,Oswaldo Cabrera,batter,1.26,1.26,0.0,25.0,0.28,530.0
669373,Tarik Skubal,pitcher,1.259,1.664,-0.405,27.0,5.13,346.4
665152,Dean Kremer,pitcher,1.256,1.256,0.0,28.0,3.21,352.4
669438,Mason Englert,pitcher,1.252,1.252,0.0,24.0,-0.62,56.0
663554,Casey Mize,pitcher,1.252,1.252,0.0,27.0,3.31,160.1
621438,Tyrone Taylor,batter,1.251,1.251,0.0,30.0,4.33,929.0
615698,Cal Quantrill,pitcher,1.251,1.511,-0.259,29.0,5.5,444.5
677651,Luis García,pitcher,1.248,1.248,0.0,27.0,4.33,361.0
656288,Griffin Canning,pitcher,1.244,1.244,0.0,28.0,2.09,189.2
686752,Ryan Pepiot,pitcher,1.232,1.232,0.0,26.0,1.63,78.1
642731,Thairo Estrada,batter,1.223,1.723,-0.5,28.0,4.98,1203.0
669358,Shane Baz,pitcher,1.222,1.222,0.0,25.0,0.52,42.2
573186,Marcus Stroman,pitcher,1.22,1.22,0.0,33.0,7.39,453.4
666745,Jhony Brito,pitcher,1.219,1.219,0.0,26.0,0.68,90.1
650911,Cristopher Sánchez,pitcher,1.215,0.76,0.456,27.0,1.87,153.4
689172,Brett Wisely,batter,1.213,1.213,0.0,25.0,-0.16,131.0
593334,Domingo Germán,pitcher,1.209,0.856,0.353,31.0,2.72,279.4
669330,Tyler Wells,pitcher,1.207,1.207,0.0,29.0,3.51,282.2
592273,Brandon Drury,batter,1.204,1.704,-0.5,31.0,4.87,1210.0
693304,Nick Gonzales,batter,1.199,1.199,0.0,25.0,-0.19,128.0
686469,Vinnie Pasquantino,batter,1.198,1.198,0.0,26.0,1.38,558.0
672779,Tucupita Marcano,batter,1.196,1.463,-0.268,24.0,-1.08,447.0
669127,Shea Langeliers,batter,1.195,1.195,0.0,26.0,1.01,643.0
665833,Oneil Cruz,batter,1.185,1.685,-0.5,25.0,2.57,410.0
647304,Josh Naylor,batter,1.176,1.478,-0.302,27.0,3.89,1274.0
643289,Mauricio Dubón,batter,1.173,1.173,0.0,29.0,2.96,970.0
543807,George Springer,batter,1.172,1.172,0.0,34.0,8.54,1625.0
689225,Beau Brieske,pitcher,1.172,1.172,0.0,26.0,1.45,116.2
642350,José Siri,batter,1.17,1.17,0.0,28.0,3.5,764.0
675961,Alika Williams,batter,1.163,1.163,0.0,25.0,-0.25,112.0
573262,Mike Yastrzemski,batter,1.157,1.157,0.0,33.0,6.88,1484.0
655316,Andruw Monasterio,batter,1.155,1.155,0.0,27.0,1.27,316.0
641778,Eric Lauer,pitcher,1.151,0.723,0.429,29.0,2.84,326.5
640457,Austin Meadows,batter,1.138,0.638,0.5,29.0,2.42,768.0
683734,Andrew Vaughn,batter,1.134,1.134,0.0,26.0,1.11,1644.0
660634,Yonny Hernández,batter,1.133,0.694,0.438,26.0,0.82,221.0
671083,Buddy Kennedy,batter,1.13,1.13,0.0,25.0,0.01,123.0
680779,Henry Davis,batter,1.125,1.125,0.0,24.0,-1.49,255.0
676775,Keaton Winn,pitcher,1.122,0.844,0.278,26.0,0.31,42.1
666163,Ben Rortvedt,batter,1.121,0.621,0.5,26.0,-0.25,177.0
686839,Brendan White,pitcher,1.116,1.116,0.0,25.0,-0.06,40.2
668868,Zack Thompson,pitcher,1.104,1.104,0.0,26.0,1.29,100.3
668952,Ryan Kreidler,batter,1.104,0.604,0.5,26.0,0.03,102.0
596103,Austin Slater,batter,1.099,1.099,0.0,31.0,3.71,843.0
623167,Chris Flexen,pitcher,1.095,0.822,0.273,29.0,3.49,418.5
669084,DL Hall,pitcher,1.093,1.093,0.0,25.0,0.01,35.4
628451,Andy Ibáñez,batter,1.091,1.091,0.0,31.0,3.5,783.0
668751,Cal Mitchell,batter,1.084,1.084,0.0,25.0,-0.51,237.0
656582,Connor Joe,batter,1.084,1.084,0.0,31.0,3.35,1150.0
686823,Will Brennan,batter,1.079,1.079,0.0,26.0,0.89,511.0
650859,Luis Rengifo,batter,1.079,1.426,-0.346,27.0,3.72,1146.0
669394,Jake Burger,batter,1.077,1.077,0.0,28.0,2.85,772.0
680723,Drew Rom,pitcher,1.076,1.076,0.0,24.0,-1.02,33.2
605135,Chris Bassitt,pitcher,1.074,1.074,0.0,35.0,9.81,542.3
660761,José Suarez,pitcher,1.073,1.073,0.0,26.0,2.36,240.3
668942,Josh Rojas,batter,1.069,1.451,-0.382,30.0,4.42,1410.0
641835,Tim Mayza,pitcher,1.066,0.69,0.376,32.0,3.72,156.3
674072,Tommy Henry,pitcher,1.064,1.064,0.0,26.0,0.95,136.0
669065,Kyle Stowers,batter,1.062,0.562,0.5,26.0,-0.44,131.0
671289,Tyler Freeman,batter,1.06,1.06,0.0,25.0,-0.6,254.0
608344,Cole Irvin,pitcher,1.059,1.059,0.0,30.0,3.45,436.2
670167,John Schreiber,pitcher,1.056,1.056,0.0,30.0,3.52,114.2
650391,Eloy Jiménez,batter,1.053,1.053,0.0,27.0,3.08,1064.0
807799,Masataka Yoshida,batter,1.051,1.522,-0.472,30.0,1.39,580.0
670242,Matt Wallner,batter,1.049,1.346,-0.297,26.0,1.85,331.0
664728,Kyle Isbel,batter,1.036,1.036,0.0,27.0,3.07,674.0
571771,Enrique Hernández,batter,1.031,1.031,0.0,32.0,5.79,1555.0
694813,Gavin Stone,pitcher,1.03,0.53,0.5,25.0,-1.13,31.0
664983,Jake McCarthy,batter,1.024,1.524,-0.5,26.0,3.28,736.0
621112,Paul Blackburn,pitcher,1.017,1.017,0.0,30.0,2.68,252.4
592351,Jon Gray,pitcher,1.017,1.017,0.0,32.0,4.55,439.1
605182,Mike Clevinger,pitcher,1.011,1.011,0.0,33.0,3.95,248.1
695243,Mason Miller,pitcher,1.01,1.51,-0.5,25.0,0.67,33.1
624641,Edmundo Sosa,batter,1.01,1.346,-0.336,28.0,5.2,831.0
669134,Luis Campusano,batter,1.007,1.276,-0.268,25.0,0.31,262.0
664314,Estevan Florial,batter,1.007,0.579,0.428,26.0,-0.14,131.0
669461,Matthew Liberatore,pitcher,1.003,1.308,-0.305,24.0,-0.8,95.4
676710,Kutter Crawford,pitcher,1.002,1.002,0.0,28.0,2.41,208.2
670770,TJ Friedl,batter,1.0,1.5,-0.5,28.0,4.0,850.0
663623,Jake Irvin,pitcher,0.993,0.993,0.0,27.0,0.96,121.0
665482,Gilberto Celestino,batter,0.991,1.41,-0.419,25.0,0.24,409.0
668970,Gavin Hollowell,pitcher,0.979,0.52,0.459,26.0,-0.24,40.2
669304,José Miranda,batter,0.974,0.974,0.0,26.0,0.65,635.0
664854,Ryan Helsley,pitcher,0.973,1.28,-0.307,29.0,4.0,148.5
622253,Dillon Tate,pitcher,0.972,0.972,0.0,30.0,2.06,140.4
661269,Vladimir Gutiérrez,pitcher,0.969,0.469,0.5,28.0,1.17,150.2
663611,Nick Madrigal,batter,0.965,0.965,0.0,27.0,3.07,737.0
679525,Alec Marsh,pitcher,0.962,0.51,0.452,26.0,-0.24,74.1
624431,Jose Trevino,batter,0.954,0.954,0.0,31.0,2.87,846.0
527038,Wilmer Flores,batter,0.947,1.31,-0.363,32.0,5.33,1505.0
641313,Tim Anderson,batter,0.94,0.94,0.0,31.0,4.02,1445.0
592206,Nick Castellanos,batter,0.936,0.936,0.0,32.0,4.42,1935.0
625643,Reynaldo López,pitcher,0.932,1.432,-0.5,30.0,4.45,190.3
663460,Kris Bubic,pitcher,0.932,0.932,0.0,26.0,1.36,275.0
664126,Pete Fairbanks,pitcher,0.931,0.931,0.0,30.0,2.95,114.2
650489,Willi Castro,batter,0.928,1.205,-0.277,27.0,2.69,1268.0
668670,Jake Rogers,batter,0.927,0.927,0.0,29.0,2.0,492.0
669796,Jose Hernandez,pitcher,0.922,0.639,0.283,26.0,-0.04,50.2
622608,Antonio Senzatela,pitcher,0.915,0.637,0.278,29.0,2.34,255.5
669194,Ryne Nelson,pitcher,0.91,0.91,0.0,26.0,0.76,168.2
669003,Garrett Mitchell,batter,0.91,1.41,-0.5,25.0,1.57,141.0
666801,Rodolfo Castro,batter,0.907,1.343,-0.437,25.0,0.55,627.0
656420,J. P. Feyereisen,pitcher,0.906,0.906,0.0,31.0,2.27,83.3
605204,J. D. Davis,batter,0.903,0.903,0.0,31.0,2.4,1122.0
650556,Bryan Abreu,pitcher,0.901,1.155,-0.254,27.0,2.87,187.3
694297,Brandon Pfaadt,pitcher,0.888,0.888,0.0,25.0,-0.39,118.0
666159,Matt Manning,pitcher,0.886,1.205,-0.319,26.0,1.72,226.1
664353,José Urquidy,pitcher,0.885,0.885,0.0,29.0,3.09,354.3
657140,Kyle Wright,pitcher,0.885,0.885,0.0,28.0,2.8,229.1
621453,Steven Duggar,batter,0.884,0.627,0.258,30.0,1.77,381.0
624424,Michael Conforto,batter,0.884,0.884,0.0,31.0,1.28,949.0
608385,Jesse Winker,batter,0.878,0.509,0.37,30.0,1.81,1231.0
664238,Dylan Moore,batter,0.874,0.874,0.0,31.0,2.81,806.0
570482,Gio Urshela,batter,0.872,0.872,0.0,32.0,4.18,1224.0
647336,Michael Soroka,pitcher,0.871,0.371,0.5,26.0,-0.49,32.1
663886,Tyler Stephenson,batter,0.868,1.243,-0.375,27.0,4.13,1102.0
656849,David Peterson,pitcher,0.868,0.434,0.434,28.0,0.9,284.4
621363,Colin Poche,pitcher,0.865,0.865,0.0,30.0,1.67,119.4
643290,Justin Dunn,pitcher,0.86,0.36,0.5,28.0,0.87,81.1
608348,Carson Kelly,batter,0.857,0.857,0.0,29.0,3.08,864.0
656271,Brock Burke,pitcher,0.854,0.854,0.0,27.0,2.04,142.2
608335,Kyle Funkhouser,pitcher,0.847,0.847,0.0,30.0,0.98,68.1
434378,Justin Verlander,pitcher,0.847,1.261,-0.414,41.0,9.15,375.2
606424,Jarlín García,pitcher,0.842,0.842,0.0,31.0,1.99,135.0
647351,Abraham Toro,batter,0.841,0.411,0.43,27.0,1.15,748.0
657024,Erik Swanson,pitcher,0.841,1.145,-0.304,30.0,3.53,157.3
669060,Bryse Wilson,pitcher,0.84,0.84,0.0,26.0,0.51,266.2
623912,Harold Ramírez,batter,0.839,1.339,-0.5,29.0,3.57,1247.0
605452,Joe Ross,pitcher,0.836,0.836,0.0,31.0,0.76,108.0
606992,Eric Haase,batter,0.834,0.834,0.0,31.0,2.98,1025.0
666135,Alex Kirilloff,batter,0.834,0.834,0.0,26.0,0.43,717.0
660623,Huascar Ynoa,pitcher,0.833,0.833,0.0,26.0,0.85,98.2
683769,Hunter Gaddis,pitcher,0.828,0.471,0.358,26.0,-0.47,49.1
676254,Ryan Walker,pitcher,0.822,0.822,0.0,28.0,0.93,61.1
666974,Yennier Cano,pitcher,0.822,0.822,0.0,30.0,1.49,92.0
596071,Dillon Peters,pitcher,0.819,0.319,0.5,31.0,0.7,65.3
675540,Xzavion Curry,pitcher,0.818,1.318,-0.5,25.0,0.42,104.1
685410,Peyton Battenfield,pitcher,0.818,0.502,0.317,26.0,-0.25,34.2
664058,David Fletcher,batter,0.817,0.817,0.0,30.0,2.75,990.0
660730,Elvin Rodríguez,pitcher,0.816,0.316,0.5,26.0,-1.21,32.3
596001,Jakob Junis,pitcher,0.813,0.813,0.0,31.0,2.28,237.1
669743,Alex Call,batter,0.811,0.811,0.0,29.0,1.42,570.0
521692,Salvador Pérez,batter,0.802,0.802,0.0,34.0,8.39,1718.0
621237,José Alvarado,pitcher,0.8,0.8,0.0,29.0,2.37,166.4
665839,Enmanuel Valdez,batter,0.792,1.292,-0.5,25.0,0.0,149.0
669911,Michael Toglia,batter,0.79,0.79,0.0,25.0,-1.52,272.0
686610,Ken Waldichuk,pitcher,0.786,0.786,0.0,26.0,0.37,175.2
663362,Matt Waldron,pitcher,0.786,0.286,0.5,27.0,0.22,41.1
593934,Miguel Sanó,batter,0.784,0.284,0.5,31.0,0.08,603.0
663559,Bailey Falter,pitcher,0.779,0.316,0.462,27.0,0.84,197.6
676879,Aaron Ashby,pitcher,0.777,0.312,0.464,26.0,-0.81,141.2
650559,Bryan De La Cruz,batter,0.774,0.401,0.373,27.0,0.93,1207.0
656541,Sam Hilliard,batter,0.771,0.506,0.265,30.0,1.65,516.0
660707,Elehuris Montero,batter,0.767,1.267,-0.5,25.0,0.0,492.0
642100,Gabe Speier,pitcher,0.748,0.425,0.323,29.0,1.32,80.5
605242,Michael Fulmer,pitcher,0.748,0.748,0.0,31.0,2.81,189.4
663465,Kolby Allard,pitcher,0.744,0.244,0.5,26.0,-1.44,157.3
607231,John Gant,pitcher,0.741,0.741,0.0,31.0,0.62,110.0
666374,Matt Brash,pitcher,0.74,1.208,-0.468,26.0,1.35,124.2
657557,Paul DeJong,batter,0.731,0.447,0.284,30.0,1.27,1041.0
605119,Brian Anderson,batter,0.73,0.73,0.0,31.0,2.05,1008.0
676714,Brandon Hughes,pitcher,0.728,0.377,0.351,28.0,1.02,70.4
641871,Keynan Middleton,pitcher,0.728,0.228,0.5,30.0,0.35,98.2
666181,Will Benson,batter,0.727,1.227,-0.5,26.0,1.33,391.0
614179,José Ruiz,pitcher,0.717,0.217,0.5,29.0,0.87,170.4
676391,Ernie Clement,batter,0.716,0.235,0.482,28.0,0.13,364.0
527048,Martín Pérez,pitcher,0.712,0.992,-0.281,33.0,6.07,459.2
656896,Emmanuel Rivera,batter,0.704,0.704,0.0,28.0,1.92,758.0
687330,Kevin Kelly,pitcher,0.702,1.202,-0.5,26.0,0.73,67.0
606115,Orlando Arcia,batter,0.7,0.963,-0.263,29.0,2.34,887.0
665621,Rony García,pitcher,0.698,0.698,0.0,26.0,0.28,54.2
624415,Cavan Biggio,batter,0.697,0.697,0.0,29.0,1.69,943.0
621366,Ryan Borucki,pitcher,0.695,0.419,0.276,30.0,1.05,88.4
609275,Adalberto Mondesí,batter,0.693,0.193,0.5,28.0,0.12,190.0
666018,Jonathan Aranda,batter,0.689,0.689,0.0,26.0,0.01,191.0
606213,Yermín Mercedes,batter,0.688,0.33,0.358,31.0,0.36,345.0
661563,Luis Gil,pitcher,0.686,0.686,0.0,26.0,0.63,33.1
621052,Alex Reyes,pitcher,0.686,0.686,0.0,29.0,0.69,72.1
608032,Carlos Estévez,pitcher,0.685,0.685,0.0,31.0,2.05,180.3
641656,Ian Hamilton,pitcher,0.683,0.683,0.0,29.0,1.52,60.2
624522,Keegan Thompson,pitcher,0.683,0.683,0.0,29.0,2.27,196.3
641793,Zack Littell,pitcher,0.68,0.68,0.0,28.0,2.06,200.2
591720,Ronald Torreyes,batter,0.68,0.68,0.0,31.0,0.2,344.0
672851,Joan Adon,pitcher,0.679,0.679,0.0,25.0,-1.41,120.5
663738,Daniel Lynch,pitcher,0.679,0.414,0.265,27.0,0.91,251.3
666176,Jo Adell,batter,0.677,1.177,-0.5,25.0,-0.12,487.0
656546,Jeff Hoffman,pitcher,0.674,1.115,-0.441,31.0,3.42,176.3
595777,Jurickson Profar,batter,0.671,0.671,0.0,31.0,1.73,1643.0
596129,Dan Vogelbach,batter,0.67,0.67,0.0,31.0,1.54,1048.0
605347,Jorge López,pitcher,0.669,0.351,0.318,31.0,1.04,251.2
663837,Matt Vierling,batter,0.668,0.668,0.0,27.0,1.29,979.0
605507,Zach Thompson,pitcher,0.666,0.331,0.334,30.0,0.62,196.2
694363,Jared Shuster,pitcher,0.663,1.055,-0.392,25.0,-0.17,52.2
660825,Eduard Bazardo,pitcher,0.661,0.161,0.5,28.0,0.59,35.1
663989,Nick Vespi,pitcher,0.657,0.159,0.498,28.0,0.3,40.3
676680,Tom Cosgrove,pitcher,0.657,1.157,-0.5,28.0,1.51,51.1
660757,Oscar González,batter,0.652,0.918,-0.266,26.0,0.78,594.0
664294,Dauri Moreta,pitcher,0.647,0.355,0.293,28.0,0.9,99.3
605548,Bradley Zimmer,batter,0.647,0.647,0.0,31.0,1.39,465.0
600917,José Leclerc,pitcher,0.645,0.995,-0.349,30.0,2.17,117.4
656638,Alex Lange,pitcher,0.644,0.644,0.0,28.0,1.81,164.3
674003,Cody Bradford,pitcher,0.643,0.643,0.0,26.0,-0.05,63.2
592567,Colin Moran,batter,0.641,0.152,0.489,31.0,-0.55,487.0
650960,Daniel Duarte,pitcher,0.641,0.242,0.399,27.0,0.52,33.4
658069,Joshua Fuentes,batter,0.64,0.64,0.0,31.0,0.27,284.0
669622,Anthony Bender,pitcher,0.636,0.636,0.0,29.0,1.69,80.2
668820,Max Kranick,pitcher,0.636,0.636,0.0,26.0,0.07,43.2
693049,Oscar Colás,batter,0.635,0.635,0.0,25.0,-1.46,263.0
477132,Clayton Kershaw,pitcher,0.634,0.634,0.0,36.0,9.56,384.3
668800,Andrew Knizner,batter,0.633,0.633,0.0,29.0,1.41,719.0
666023,Freddy Fermin,batter,0.629,0.629,0.0,29.0,1.47,242.0
596295,Austin Gomber,pitcher,0.627,0.627,0.0,30.0,1.69,378.3
621345,A. J. Minter,pitcher,0.627,0.956,-0.329,30.0,2.89,203.3
644374,Yu Chang,batter,0.625,0.317,0.308,28.0,0.57,553.0
621051,Steven Wilson,pitcher,0.624,0.624,0.0,29.0,1.36,109.2
640462,A. J. Puk,pitcher,0.624,0.624,0.0,29.0,1.76,136.4
656716,Zach McKinstry,batter,0.623,0.623,0.0,29.0,0.99,875.0
667670,Brent Rooker,batter,0.621,0.621,0.0,29.0,0.9,775.0
666211,Taylor Trammell,batter,0.618,0.618,0.0,26.0,-0.24,351.0
667452,Corey Julks,batter,0.615,0.615,0.0,28.0,0.31,323.0
595281,Kevin Kiermaier,batter,0.615,0.924,-0.31,34.0,8.31,1041.0
641401,Connor Brogdon,pitcher,0.615,0.615,0.0,29.0,2.17,138.4
663616,Trevor Larnach,batter,0.614,0.614,0.0,27.0,1.8,693.0
656458,Lucas Gilbreath,pitcher,0.61,0.61,0.0,28.0,1.46,85.2
621016,José Cuas,pitcher,0.61,0.61,0.0,30.0,1.23,102.3
640470,Adbert Alzolay,pitcher,0.603,0.891,-0.287,29.0,2.68,202.3
665923,Esteury Ruiz,batter,0.602,1.0,-0.398,25.0,-0.87,533.0
622663,Luis Severino,pitcher,0.601,0.101,0.5,30.0,0.49,209.2
663941,Tristan Beck,pitcher,0.598,1.006,-0.408,28.0,1.07,85.0
676694,Jake Meyers,batter,0.598,0.999,-0.402,28.0,3.22,674.0
656234,Jake Bird,pitcher,0.597,0.597,0.0,28.0,1.1,136.3
624414,Christian Arroyo,batter,0.597,0.597,0.0,29.0,2.01,727.0
622554,Seranthony Domínguez,pitcher,0.596,0.596,0.0,29.0,1.83,117.3
681146,Jonah Bride,batter,0.595,0.095,0.5,28.0,-0.42,293.0
676051,Codi Heuer,pitcher,0.595,0.595,0.0,27.0,0.57,67.1
640448,Kyle Finnegan,pitcher,0.592,0.092,0.5,32.0,1.38,201.3
680704,Nick Sandlin,pitcher,0.589,0.589,0.0,27.0,1.85,137.4
641684,Michael Hermosillo,batter,0.589,0.089,0.5,29.0,-0.33,111.0
669160,Dustin May,pitcher,0.589,1.089,-0.5,26.0,1.8,101.0
663455,Konnor Pilkington,pitcher,0.586,0.586,0.0,26.0,-0.03,60.0
642136,Matt Thaiss,batter,0.584,0.268,0.316,29.0,0.24,396.0
596112,Robert Stephenson,pitcher,0.584,0.584,0.0,31.0,1.73,156.1
605421,Michael Pérez,batter,0.581,0.097,0.485,31.0,-0.67,371.0
641703,Brent Honeywell,pitcher,0.581,0.081,0.5,29.0,-0.14,56.2
592858,Rowan Wick,pitcher,0.58,0.165,0.415,31.0,0.09,87.0
607644,John Means,pitcher,0.576,1.076,-0.5,31.0,4.38,177.4
605170,Víctor Caratini,batter,0.574,0.574,0.0,30.0,1.19,896.0
663662,Daz Cameron,batter,0.573,0.146,0.427,27.0,-0.27,185.0
641584,Jake Fraley,batter,0.573,0.884,-0.311,29.0,2.72,892.0
656970,Devin Smeltzer,pitcher,0.572,0.275,0.297,28.0,0.85,96.4
641786,Kyle Lewis,batter,0.57,0.07,0.5,28.0,-0.24,263.0
642086,Dominic Smith,batter,0.565,0.307,0.259,29.0,-0.22,1231.0
593974,Wandy Peralta,pitcher,0.565,0.565,0.0,32.0,3.37,170.0
656457,Tyler Gilbert,pitcher,0.564,0.224,0.34,30.0,0.9,91.2
663485,Cole Sands,pitcher,0.563,0.563,0.0,26.0,-0.14,51.4
642165,Josh VanMeter,batter,0.558,0.058,0.5,29.0,-0.83,502.0
621433,Brett Phillips,batter,0.558,0.558,0.0,30.0,2.21,588.0
668665,Stephen Nogosek,pitcher,0.553,0.053,0.5,29.0,-0.03,50.2
678061,Ray Kerr,pitcher,0.553,0.053,0.5,29.0,-0.1,32.0
660636,Diego Castillo,batter,0.551,0.551,0.0,26.0,-0.71,284.0
641856,Billy McKinney,batter,0.55,0.05,0.5,29.0,-0.79,505.0
528748,Humberto Castellanos,pitcher,0.545,0.545,0.0,26.0,-0.13,89.3
668709,JJ Bleday,batter,0.544,0.544,0.0,26.0,-0.78,541.0
669256,Nick Solak,batter,0.542,0.542,0.0,29.0,0.84,606.0
666160,Mickey Moniak,batter,0.54,1.04,-0.5,26.0,0.93,472.0
600474,Pedro Severino,batter,0.539,0.539,0.0,30.0,1.1,440.0
670970,Adrián Morejón,pitcher,0.537,1.037,-0.5,25.0,-0.07,48.2
666165,Blake Sabol,batter,0.537,1.037,-0.5,26.0,0.15,344.0
624503,Nick Gordon,batter,0.535,0.535,0.0,28.0,1.4,752.0
592094,Jason Adam,pitcher,0.534,0.534,0.0,32.0,3.32,129.4
657376,Clarke Schmidt,pitcher,0.533,0.533,0.0,28.0,1.24,225.1
656427,Jack Flaherty,pitcher,0.533,0.533,0.0,28.0,1.47,260.2
641501,Tyler Danish,pitcher,0.533,0.107,0.426,29.0,-0.12,40.1
547179,Michael Lorenzen,pitcher,0.526,0.526,0.0,32.0,2.62,281.4
622088,Tejay Antone,pitcher,0.521,0.521,0.0,30.0,2.27,38.4
621028,Kevin Newman,batter,0.52,0.52,0.0,30.0,1.31,1116.0
642545,Jaime Barría,pitcher,0.52,0.52,0.0,27.0,1.93,217.4
668948,Kirk McCarty,pitcher,0.519,0.019,0.5,28.0,-0.28,37.2
594902,Ben Lively,pitcher,0.516,0.016,0.5,32.0,0.42,88.2
641302,Tyler Alexander,pitcher,0.516,0.516,0.0,29.0,1.92,251.1
660906,Francisco Pérez,pitcher,0.516,0.516,0.0,26.0,-0.17,30.6
666179,Seth Beer,batter,0.516,0.016,0.5,27.0,-0.83,136.0
606132,Raimel Tapia,batter,0.513,0.513,0.0,30.0,1.29,1141.0
657053,Touki Toussaint,pitcher,0.505,0.505,0.0,28.0,1.31,162.1
670042,Luke Raley,batter,0.502,0.958,-0.456,29.0,2.47,551.0
669450,Cooper Hummel,batter,0.502,0.002,0.5,29.0,-0.85,227.0
608678,Dominic Leone,pitcher,0.499,0.166,0.334,32.0,2.48,158.2
669087,Sam Huff,batter,0.499,0.768,-0.269,26.0,0.54,177.0
605353,Vimael Machín,batter,0.499,0.051,0.448,30.0,-0.85,290.0
657097,Jacob Webb,pitcher,0.499,0.499,0.0,30.0,0.78,91.2
664139,Ian Gibaut,pitcher,0.498,0.818,-0.32,30.0,2.29,117.4
656529,Sam Hentges,pitcher,0.498,0.498,0.0,27.0,1.0,188.4
669935,A. J. Alexy,pitcher,0.497,0.497,0.0,26.0,-0.3,30.0
643565,Mike Tauchman,batter,0.494,0.494,0.0,33.0,2.76,592.0
640451,Hunter Harvey,pitcher,0.493,0.993,-0.5,29.0,3.06,107.5
656847,DJ Peters,batter,0.492,0.492,0.0,28.0,0.04,240.0
656448,Stone Garrett,batter,0.482,0.982,-0.5,28.0,2.35,355.0
670955,Edwin Uceta,pitcher,0.479,0.479,0.0,26.0,-0.59,40.1
663752,Cody Morris,pitcher,0.478,0.139,0.339,27.0,0.32,33.2
641470,Zack Collins,batter,0.477,0.074,0.403,29.0,-0.66,345.0
669854,Ronel Blanco,pitcher,0.473,0.138,0.335,30.0,0.08,58.1
630023,Yonny Chirinos,pitcher,0.472,0.112,0.36,30.0,0.1,92.0
669169,Jonathan Heasley,pitcher,0.47,-0.02,0.49,27.0,-0.28,133.2
666205,Kyle Muller,pitcher,0.463,0.163,0.3,26.0,-1.13,125.3
641447,Daniel Castano,pitcher,0.46,0.031,0.429,29.0,-0.1,58.3
542303,Marcell Ozuna,batter,0.458,0.18,0.278,33.0,2.44,1330.0
656731,Tylor Megill,pitcher,0.458,0.458,0.0,28.0,1.23,262.4
663743,Nick Fortes,batter,0.448,0.448,0.0,27.0,1.12,599.0
622098,Drew Smith,pitcher,0.447,0.447,0.0,30.0,1.53,144.2
621074,Michael Rucker,pitcher,0.445,0.044,0.401,30.0,-0.38,122.4
592716,Adrian Sampson,pitcher,0.444,0.944,-0.5,32.0,3.05,139.2
669145,Bruce Zimmermann,pitcher,0.443,-0.057,0.5,29.0,-0.34,150.4
666150,Dominic Fletcher,batter,0.442,0.942,-0.5,26.0,0.72,102.0
665001,Trevor Kelley,pitcher,0.442,-0.058,0.5,31.0,-0.51,38.3
641712,Dakota Hudson,pitcher,0.44,0.44,0.0,29.0,1.12,228.5
664761,Alec Bohm,batter,0.436,0.436,0.0,27.0,0.14,1777.0
676632,Bligh Madris,batter,0.436,-0.064,0.5,28.0,-1.29,153.0
642203,Taylor Widener,pitcher,0.435,0.435,0.0,29.0,1.02,87.2
664161,Matt Swarmer,pitcher,0.433,-0.067,0.5,30.0,-0.45,34.0
656413,Stuart Fairchild,batter,0.431,0.431,0.0,28.0,1.11,382.0
661309,Adrián Martinez,pitcher,0.43,-0.0,0.43,27.0,-0.41,112.2
622268,Donovan Walton,batter,0.428,0.154,0.274,30.0,-0.05,147.0
671345,Jason Foley,pitcher,0.428,0.928,-0.5,28.0,2.64,139.2
660650,Dérmis García,batter,0.427,0.927,-0.5,26.0,0.5,125.0
606625,Reyes Moronta,pitcher,0.427,0.062,0.366,31.0,0.05,42.3
676130,José Buttó,pitcher,0.424,0.783,-0.359,26.0,0.5,46.0
664076,Garrett Cleavinger,pitcher,0.423,0.164,0.259,30.0,0.43,55.1
642528,Jonathan Loáisiga,pitcher,0.42,0.732,-0.312,29.0,3.17,145.5
681584,David Villar,batter,0.419,0.419,0.0,27.0,0.88,321.0
623474,Jimmy Herget,pitcher,0.418,0.732,-0.313,30.0,2.4,116.2
607259,Nick Martínez,pitcher,0.418,0.418,0.0,33.0,2.88,227.2
542194,Christian Bethancourt,batter,0.415,0.415,0.0,32.0,1.76,670.0
571657,Kyle Farmer,batter,0.414,0.414,0.0,33.0,4.06,1485.0
657136,Connor Wong,batter,0.411,0.829,-0.418,28.0,2.38,473.0
594580,Sam Moll,pitcher,0.41,0.41,0.0,32.0,2.72,115.3
656794,Sean Newcomb,pitcher,0.41,-0.09,0.5,31.0,-0.8,74.3
642423,Magneuris Sierra,batter,0.408,0.147,0.261,28.0,-0.41,321.0
660644,Vidal Bruján,batter,0.406,0.406,0.0,26.0,-1.63,274.0
643377,Griffin Jax,pitcher,0.397,0.397,0.0,29.0,0.6,223.1
624585,Jorge Soler,batter,0.397,0.397,0.0,32.0,1.93,1534.0
664208,Phil Maton,pitcher,0.392,0.392,0.0,31.0,0.77,216.2
643393,Tony Kemp,batter,0.391,0.391,0.0,32.0,3.43,1374.0
592791,Jameson Taillon,pitcher,0.391,0.391,0.0,32.0,3.22,479.4
670102,Bowden Francis,pitcher,0.386,0.386,0.0,28.0,0.96,36.3
657248,Glenn Otto,pitcher,0.385,-0.115,0.5,28.0,-0.81,168.5
621381,Matt Strahm,pitcher,0.384,0.384,0.0,32.0,2.28,143.4
681867,Cooper Criswell,pitcher,0.383,-0.041,0.425,27.0,-0.47,37.2
570731,Jonathan Schoop,batter,0.378,0.017,0.362,32.0,1.54,1335.0
592866,Trevor Williams,pitcher,0.371,0.008,0.362,32.0,1.47,324.3
669276,Dylan Lee,pitcher,0.368,0.368,0.0,29.0,1.22,81.3
676760,Ron Marinaccio,pitcher,0.365,0.671,-0.306,28.0,1.59,91.1
623205,Andrew Velazquez,batter,0.36,0.36,0.0,29.0,0.88,512.0
681807,David Fry,batter,0.359,0.359,0.0,28.0,0.36,113.0
675916,James Karinchak,pitcher,0.355,0.662,-0.307,28.0,2.34,138.1
676395,Robert Garcia,pitcher,0.355,0.355,0.0,28.0,0.4,32.0
664141,JT Brubaker,pitcher,0.355,0.355,0.0,30.0,0.51,268.1
579328,Yusei Kikuchi,pitcher,0.355,-0.145,0.5,33.0,2.41,426.3
676265,Cory Abbott,pitcher,0.353,-0.147,0.5,28.0,-0.88,104.2
663773,Bryan Hoeing,pitcher,0.353,-0.047,0.4,27.0,-0.53,82.4
606299,José Peraza,batter,0.353,0.353,0.0,30.0,0.0,154.0
663562,Noah Davis,pitcher,0.348,-0.152,0.5,27.0,-0.78,31.0
656578,Andre Jackson,pitcher,0.346,0.346,0.0,28.0,1.05,81.5
667463,John King,pitcher,0.346,0.346,0.0,29.0,0.82,134.2
668472,Nick Pratto,batter,0.346,0.695,-0.349,25.0,-1.64,527.0
620443,Luis Torrens,batter,0.343,0.343,0.0,28.0,0.98,574.0
570666,Luis Cessa,pitcher,0.342,-0.058,0.4,32.0,1.95,170.4
670351,José Rojas,batter,0.341,-0.159,0.5,31.0,-1.84,241.0
642028,Josh Rogers,pitcher,0.34,0.34,0.0,29.0,0.85,61.3
676684,Will Vest,pitcher,0.333,0.333,0.0,29.0,0.5,146.1
664875,Justin Lawrence,pitcher,0.333,0.333,0.0,29.0,0.42,133.4
595943,Phillip Evans,batter,0.332,0.332,0.0,31.0,-0.4,247.0
663368,Blake Perkins,batter,0.331,0.779,-0.448,27.0,1.13,168.0
669947,Jesse Scholtens,pitcher,0.329,0.329,0.0,30.0,0.18,85.0
621076,James Kaprielian,pitcher,0.329,0.694,-0.365,30.0,2.39,314.1
656811,Ryan O'Hearn,batter,0.328,0.328,0.0,30.0,-0.12,772.0
682073,David Hensley,batter,0.326,0.057,0.269,28.0,-0.41,137.0
663658,Thaddeus Ward,pitcher,0.325,-0.032,0.358,27.0,-0.31,35.1
592669,Hunter Renfroe,batter,0.325,0.791,-0.466,32.0,4.35,1685.0
592626,Joc Pederson,batter,0.322,0.322,0.0,32.0,1.88,1387.0
608665,Kendall Graveman,pitcher,0.321,0.321,0.0,33.0,4.49,198.1
622694,Elieser Hernández,pitcher,0.321,-0.179,0.5,29.0,-0.63,113.3
605288,Adrian Houser,pitcher,0.318,0.628,-0.31,31.0,1.97,358.4
622682,Víctor Reyes,batter,0.316,0.316,0.0,29.0,-0.06,556.0
663385,Chad Smith,pitcher,0.315,-0.035,0.349,29.0,-0.45,31.2
650331,Lewin Díaz,batter,0.315,0.315,0.0,27.0,0.44,302.0
641432,Willie Calhoun,batter,0.314,0.01,0.304,29.0,-0.96,495.0
679631,Terrin Vavra,batter,0.313,0.055,0.259,27.0,-0.49,159.0
641343,Jake Bauers,batter,0.311,-0.157,0.468,28.0,-1.28,587.0
658668,Edward Olivares,batter,0.31,0.31,0.0,28.0,0.29,670.0
665120,Jared Walsh,batter,0.303,0.303,0.0,30.0,1.12,1155.0
621248,Ralph Garza,pitcher,0.299,0.299,0.0,30.0,0.58,65.1
642201,Eli White,batter,0.298,0.298,0.0,30.0,0.81,354.0
621114,Ryan Burr,pitcher,0.298,0.298,0.0,30.0,0.97,45.2
605244,Aramis Garcia,batter,0.296,-0.027,0.324,31.0,-1.18,209.0
663855,Jordan Hicks,pitcher,0.292,0.292,0.0,27.0,0.51,139.2
660787,Yerry De los Santos,pitcher,0.287,0.602,-0.315,26.0,-0.06,49.3
686747,Joe La Sorsa,pitcher,0.285,0.785,-0.5,26.0,0.27,32.2
669459,Kyle Nelson,pitcher,0.285,0.285,0.0,27.0,0.7,107.2
641829,Jason Martin,batter,0.284,0.284,0.0,28.0,-0.25,154.0
622065,Alex Young,pitcher,0.283,0.283,0.0,30.0,0.26,131.4
656669,Jordan Luplow,batter,0.28,0.28,0.0,30.0,0.55,525.0
669395,Dylan Coleman,pitcher,0.28,0.28,0.0,27.0,1.07,92.2
612434,Miguel Castro,pitcher,0.278,0.278,0.0,29.0,0.72,171.3
670156,Miles Mastrobuoni,batter,0.278,0.278,0.0,28.0,0.44,166.0
622766,Miguel Díaz,pitcher,0.278,0.278,0.0,29.0,0.99,59.2
666906,Jake Alu,batter,0.275,0.275,0.0,27.0,-0.11,175.0
669424,Jimmy Lambert,pitcher,0.27,0.27,0.0,29.0,0.74,97.2
664192,Joey Lucchesi,pitcher,0.268,0.623,-0.354,31.0,1.19,84.3
676480,José Barrero,batter,0.266,0.266,0.0,26.0,-2.03,379.0
663765,Jake Woodford,pitcher,0.266,0.266,0.0,27.0,0.83,162.5
608328,Chase De Jong,pitcher,0.262,0.262,0.0,30.0,0.84,125.5
607755,Andrew Vasquez,pitcher,0.257,0.257,0.0,30.0,0.69,57.5
571927,Steven Matz,pitcher,0.253,0.253,0.0,33.0,3.94,303.2
682171,Penn Murfee,pitcher,0.253,0.562,-0.309,30.0,1.35,86.0
606157,Aristides Aquino,batter,0.25,0.702,-0.452,30.0,1.07,480.0
656222,Jalen Beeks,pitcher,0.248,0.248,0.0,30.0,0.57,103.1
663567,Peter Lambert,pitcher,0.245,0.245,0.0,27.0,0.16,92.3
596056,John Nogowski,batter,0.245,0.245,0.0,31.0,-0.34,143.0
596133,Luke Weaver,pitcher,0.245,-0.082,0.327,30.0,-0.22,223.6
689266,Dylan Dodd,pitcher,0.244,0.244,0.0,26.0,-0.71,34.1
595939,Chris Ellis,pitcher,0.242,0.242,0.0,31.0,0.96,33.2
663698,Joey Bart,batter,0.241,0.241,0.0,27.0,0.4,392.0
650895,Diego Castillo,pitcher,0.239,0.239,0.0,30.0,0.95,122.3
663574,Tony Santillan,pitcher,0.239,0.239,0.0,27.0,1.16,65.4
592178,Kris Bryant,batter,0.239,0.239,0.0,32.0,2.96,1120.0
547001,Cody Poteet,pitcher,0.237,0.237,0.0,29.0,0.4,58.2
680911,Owen Miller,batter,0.236,0.236,0.0,27.0,-0.35,999.0
663992,Richard Lovelady,pitcher,0.23,0.23,0.0,28.0,0.58,43.3
656685,Brett Martin,pitcher,0.229,0.229,0.0,29.0,0.33,112.1
650907,René Pinto,batter,0.229,0.229,0.0,27.0,0.18,193.0
640492,José Azocar,batter,0.227,0.227,0.0,28.0,-0.01,318.0
657061,Cole Tucker,batter,0.227,-0.068,0.295,27.0,-1.69,204.0
664776,Jake Cousins,pitcher,0.226,0.226,0.0,29.0,1.01,53.2
669684,Chris Murphy,pitcher,0.225,0.725,-0.5,26.0,0.1,47.2
542932,Jon Berti,batter,0.225,0.225,0.0,34.0,5.18,1105.0
592426,Luke Jackson,pitcher,0.224,0.496,-0.272,32.0,2.8,105.2
592779,Brock Stewart,pitcher,0.223,0.492,-0.27,32.0,1.62,30.2
592789,Noah Syndergaard,pitcher,0.223,0.223,0.0,31.0,0.69,233.2
621550,Patrick Wisdom,batter,0.223,0.492,-0.269,32.0,3.19,1211.0
664057,Andrew Stevenson,batter,0.223,0.223,0.0,30.0,0.14,253.0
608371,Lucas Sims,pitcher,0.222,0.722,-0.5,30.0,2.17,114.2
680776,Jarren Duran,batter,0.22,0.72,-0.5,27.0,1.35,697.0
606149,Giovanny Gallegos,pitcher,0.219,0.219,0.0,32.0,2.43,197.2
596057,Daniel Norris,pitcher,0.217,-0.283,0.5,31.0,-1.5,127.4
643418,Shed Long,batter,0.216,0.216,0.0,28.0,-0.34,121.0
645302,Víctor Robles,batter,0.215,0.641,-0.426,27.0,1.64,902.0
622780,Ángel Perdomo,pitcher,0.213,0.213,0.0,30.0,0.23,46.0
595345,Steven Okert,pitcher,0.213,0.213,0.0,32.0,2.35,146.3
663436,Davis Martin,pitcher,0.213,0.213,0.0,27.0,0.01,63.1
656252,Bobby Bradley,batter,0.212,0.212,0.0,28.0,0.01,296.0
641745,Brad Keller,pitcher,0.211,0.211,0.0,28.0,0.2,317.5
664337,Miguel Yajure,pitcher,0.21,0.21,0.0,26.0,-1.4,39.1
642336,Francisco Mejía,batter,0.207,0.683,-0.476,28.0,2.31,740.0
607179,Jordan Weems,pitcher,0.206,0.206,0.0,31.0,0.21,98.6
642048,Tayler Saucedo,pitcher,0.205,0.205,0.0,31.0,0.42,74.6
663423,Trent Thornton,pitcher,0.205,0.205,0.0,30.0,0.28,126.1
608577,Nomar Mazara,batter,0.204,0.204,0.0,29.0,-0.33,352.0
669270,Joel Kuhnel,pitcher,0.202,-0.066,0.268,29.0,-0.53,71.0
668941,JoJo Romero,pitcher,0.201,0.201,0.0,27.0,0.35,61.3
664059,Sam Haggerty,batter,0.2,0.627,-0.428,30.0,2.19,403.0
657031,Josh Taylor,pitcher,0.199,0.199,0.0,31.0,0.74,68.4
642068,Jordan Sheffield,pitcher,0.199,0.199,0.0,29.0,0.67,31.1
642130,Blake Taylor,pitcher,0.198,0.198,0.0,28.0,0.34,62.0
658648,Pedro Avila,pitcher,0.198,0.198,0.0,27.0,0.47,58.1
642721,Kelvin Gutiérrez,batter,0.197,0.197,0.0,29.0,-0.18,328.0
641645,Luis Guillorme,batter,0.197,0.617,-0.42,29.0,1.97,612.0
642211,Justin Williams,batter,0.197,0.197,0.0,28.0,-0.5,137.0
657508,Mike Baumann,pitcher,0.197,0.197,0.0,28.0,0.18,108.3
681987,Nate Eaton,batter,0.196,0.196,0.0,27.0,0.32,178.0
640455,Sean Manaea,pitcher,0.193,0.193,0.0,32.0,2.68,455.4
663734,Nick Neidert,pitcher,0.191,0.191,0.0,27.0,0.45,40.2
670059,Colin Holderman,pitcher,0.189,0.492,-0.304,28.0,0.99,84.1
670990,Yohan Ramírez,pitcher,0.187,0.187,0.0,29.0,0.5,102.4
670097,Zack Short,batter,0.186,0.186,0.0,29.0,-0.33,450.0
656412,Alex Faedo,pitcher,0.184,0.184,0.0,28.0,0.08,117.4
547004,Rio Ruiz,batter,0.183,0.183,0.0,30.0,-0.57,141.0
614177,Franmil Reyes,batter,0.183,0.183,0.0,28.0,0.32,1004.0
641598,Mitch Garver,batter,0.181,0.432,-0.251,33.0,4.72,862.0
666168,Mason Thompson,pitcher,0.181,0.553,-0.371,26.0,-0.04,102.4
605513,Spencer Turnbull,pitcher,0.178,0.178,0.0,31.0,0.69,81.0
660766,Juan Yepez,batter,0.178,0.589,-0.411,26.0,-0.4,344.0
669212,Eli Morgan,pitcher,0.178,0.178,0.0,28.0,0.4,226.2
642758,Domingo Acevedo,pitcher,0.178,0.178,0.0,30.0,0.62,87.3
661527,Seth Martinez,pitcher,0.177,0.177,0.0,29.0,0.42,84.2
666214,Joey Wentz,pitcher,0.176,-0.092,0.267,26.0,-1.42,137.4
656232,Brandon Bielak,pitcher,0.175,0.175,0.0,28.0,0.16,142.1
665625,Elvis Peguero,pitcher,0.175,0.175,0.0,27.0,0.05,82.2
607216,Joey Krehbiel,pitcher,0.175,0.175,0.0,31.0,0.44,70.3
676840,Matt Peacock,pitcher,0.174,0.174,0.0,30.0,0.17,96.1
546990,Anthony Alford,batter,0.172,0.172,0.0,29.0,0.19,152.0
543939,Kolten Wong,batter,0.17,0.461,-0.291,33.0,5.53,1260.0
594987,Casey Sadler,pitcher,0.169,0.169,0.0,33.0,2.05,40.1
595751,Jorge Alfaro,batter,0.166,0.166,0.0,31.0,-0.22,637.0
681806,Andrew Wantz,pitcher,0.165,0.44,-0.274,28.0,1.27,116.3
622250,Josh Sborz,pitcher,0.164,-0.153,0.317,30.0,-0.63,145.2
595978,Austin Hedges,batter,0.163,-0.182,0.345,31.0,-1.4,881.0
650959,Marcos Diplán,pitcher,0.162,0.162,0.0,27.0,0.38,35.2
641360,Phil Bickford,pitcher,0.162,0.162,0.0,28.0,0.6,185.2
642133,Rowdy Tellez,batter,0.16,0.16,0.0,29.0,-0.28,1285.0
600921,Andrés Machado,pitcher,0.159,0.159,0.0,31.0,0.32,144.3
683021,Michael Stefanic,batter,0.159,0.159,0.0,28.0,0.07,140.0
592530,José Marmolejos,batter,0.159,0.159,0.0,31.0,-0.59,122.0
641729,Joe Jiménez,pitcher,0.159,0.418,-0.259,29.0,0.86,158.4
609280,Miguel Andújar,batter,0.159,0.159,0.0,29.0,-0.24,392.0
664123,Scott Effross,pitcher,0.156,0.656,-0.5,30.0,1.45,70.4
658551,Junior Fernández,pitcher,0.154,0.154,0.0,27.0,0.19,38.4
647315,Zach Pop,pitcher,0.154,0.154,0.0,27.0,0.42,106.5
605195,Kyle Crick,pitcher,0.153,0.153,0.0,31.0,0.24,39.3
621446,Lewis Brinson,batter,0.152,0.152,0.0,30.0,-0.4,329.0
665019,Kody Clemens,batter,0.152,0.152,0.0,28.0,-0.27,275.0
650893,Génesis Cabrera,pitcher,0.15,0.15,0.0,27.0,0.23,170.3
595928,John Curtiss,pitcher,0.149,0.149,0.0,31.0,0.18,63.3
594311,Jandel Gustave,pitcher,0.149,0.149,0.0,31.0,0.17,46.1
683232,Nick Mears,pitcher,0.148,0.148,0.0,27.0,0.37,44.2
656180,Riley Adams,batter,0.147,0.533,-0.387,28.0,1.59,433.0
608334,Carson Fulmer,pitcher,0.145,0.145,0.0,30.0,0.16,35.2
670036,Matt Festa,pitcher,0.143,0.143,0.0,31.0,0.15,66.1
656537,Derek Hill,batter,0.14,0.14,0.0,28.0,-0.02,292.0
642216,Allan Winans,pitcher,0.138,0.138,0.0,28.0,0.0,32.1
663546,Sean Hjelle,pitcher,0.138,-0.26,0.399,27.0,-1.06,54.0
681810,Austin Warren,pitcher,0.138,0.138,0.0,28.0,0.74,37.3
622503,Nabil Crismatt,pitcher,0.138,0.138,0.0,29.0,0.41,161.2
621512,Tomás Nido,batter,0.136,0.136,0.0,30.0,-0.02,544.0
701643,Grant Hartwig,pitcher,0.135,0.439,-0.304,26.0,-0.36,35.1
657108,Evan White,batter,0.134,0.134,0.0,28.0,-0.62,104.0
621011,Max Schrock,batter,0.134,0.134,0.0,29.0,-0.14,161.0
621035,Chris Taylor,batter,0.134,0.486,-0.352,33.0,4.68,1477.0
596059,Rougned Odor,batter,0.132,0.132,0.0,30.0,-0.26,992.0
676831,Kodi Whitley,pitcher,0.13,0.13,0.0,29.0,0.26,37.3
544725,Leury García,batter,0.128,-0.372,0.5,33.0,1.15,805.0
656548,Jordan Holloway,pitcher,0.128,0.128,0.0,28.0,0.21,38.2
667427,Zach Jackson,pitcher,0.125,0.625,-0.5,29.0,1.59,66.0
675656,Kevin Smith,batter,0.124,0.124,0.0,27.0,-0.27,333.0
622100,Taylor Jones,batter,0.122,0.122,0.0,30.0,0.07,109.0
661383,Oliver Ortega,pitcher,0.116,0.116,0.0,27.0,0.22,57.3
656061,Albert Abreu,pitcher,0.113,0.113,0.0,28.0,0.18,133.4
657649,Jared Koenig,pitcher,0.111,0.111,0.0,30.0,-0.11,39.1
670370,Andrew Young,batter,0.11,0.11,0.0,30.0,-0.74,104.0
640444,Wil Crowe,pitcher,0.109,0.109,0.0,29.0,0.1,201.4
664850,Patrick Mazeika,batter,0.106,0.106,0.0,30.0,-0.4,159.0
663845,Alfonso Rivas,batter,0.105,0.36,-0.255,27.0,0.75,459.0
594577,Mike Mayers,pitcher,0.103,-0.397,0.5,32.0,0.48,151.3
518934,DJ LeMahieu,batter,0.102,0.102,0.0,35.0,6.51,1782.0
672335,Cionel Pérez,pitcher,0.101,0.594,-0.493,28.0,1.84,136.2
607229,Robert Gsellman,pitcher,0.101,0.101,0.0,30.0,0.04,43.3
669742,Darick Hall,batter,0.099,0.099,0.0,28.0,-0.25,198.0
669352,Bubba Thompson,batter,0.098,0.598,-0.5,26.0,-0.37,241.0
643511,Tyler Rogers,pitcher,0.097,0.478,-0.38,33.0,4.98,233.3
669920,Jason Alexander,pitcher,0.097,-0.295,0.392,31.0,-0.75,71.2
657709,Michael Papierski,batter,0.095,0.095,0.0,28.0,-0.58,103.0
663986,Trevor Stephan,pitcher,0.093,0.593,-0.5,28.0,1.77,200.4
668663,Tres Barrera,batter,0.09,0.09,0.0,29.0,0.04,162.0
641796,Tim Locastro,batter,0.089,0.089,0.0,31.0,-0.66,270.0
605521,Art Warren,pitcher,0.089,0.089,0.0,31.0,0.2,57.0
596825,Robel García,batter,0.088,0.088,0.0,31.0,-0.88,117.0
641582,Matt Foster,pitcher,0.087,0.087,0.0,29.0,-0.2,84.0
667376,Miguel Sánchez,pitcher,0.086,0.086,0.0,30.0,-0.02,39.1
656577,Alex Jackson,batter,0.085,0.085,0.0,28.0,-0.58,163.0
664789,Ka'ai Tom,batter,0.084,0.084,0.0,30.0,-0.48,134.0
666198,Carter Kieboom,batter,0.082,0.525,-0.442,26.0,-1.08,343.0
641943,Joshua Palacios,batter,0.082,0.082,0.0,28.0,-0.49,355.0
680814,Peyton Burdick,batter,0.081,0.081,0.0,27.0,-0.39,139.0
675921,Spencer Howard,pitcher,0.081,-0.419,0.5,27.0,-2.38,89.5
641779,Charles Leblanc,batter,0.081,0.581,-0.5,28.0,0.66,169.0
676596,Josh Fleming,pitcher,0.08,-0.42,0.5,28.0,-1.96,191.3
677865,Justin Bruihl,pitcher,0.079,0.079,0.0,27.0,0.16,71.4
572138,Jon Singleton,batter,0.078,-0.422,0.5,32.0,-0.51,107.0
661531,Brian Serven,batter,0.076,0.076,0.0,29.0,-0.46,228.0
681911,Alex Vesia,pitcher,0.074,0.574,-0.5,28.0,1.97,152.3
545341,Randal Grichuk,batter,0.074,0.493,-0.418,32.0,2.47,1554.0
641726,Daulton Jefferies,pitcher,0.074,0.074,0.0,28.0,-0.04,54.1
622075,Yency Almonte,pitcher,0.072,0.072,0.0,30.0,-0.18,132.4
621383,Tanner Banks,pitcher,0.071,0.071,0.0,32.0,1.12,114.0
657571,Caleb Ferguson,pitcher,0.07,0.374,-0.304,27.0,0.76,96.4
595909,Jake Cave,batter,0.069,0.069,0.0,31.0,-0.78,561.0
676050,Packy Naughton,pitcher,0.068,0.068,0.0,28.0,-0.09,59.2
656976,Pavin Smith,batter,0.066,0.066,0.0,28.0,-0.5,1061.0
659275,Dinelson Lamet,pitcher,0.065,-0.435,0.5,31.0,-1.59,106.3
622666,Johan Camargo,batter,0.065,0.065,0.0,30.0,-0.51,208.0
621311,David Dahl,batter,0.062,0.062,0.0,30.0,-0.8,229.0
660896,Jorge Alcalá,pitcher,0.062,0.062,0.0,28.0,0.11,78.4
669711,Greg Weissert,pitcher,0.06,0.06,0.0,29.0,-0.1,31.1
660853,Enyel De Los Santos,pitcher,0.057,0.557,-0.5,28.0,1.23,156.5
621450,Skye Bolt,batter,0.056,0.056,0.0,30.0,-0.82,176.0
646242,Jhonathan Díaz,pitcher,0.054,0.054,0.0,27.0,0.18,35.1
605525,J. B. Wendelken,pitcher,0.052,0.052,0.0,31.0,-0.12,72.2
666915,Bobby Dalbec,batter,0.051,0.051,0.0,29.0,-0.6,871.0
624513,Dom Nuñez,batter,0.05,0.05,0.0,29.0,-0.88,304.0
666204,Dany Jiménez,pitcher,0.049,0.383,-0.333,30.0,0.87,57.2
642546,Jonathan Hernández,pitcher,0.048,0.048,0.0,27.0,-0.05,61.3
553882,Omar Narváez,batter,0.048,0.048,0.0,32.0,1.7,895.0
602074,Yonathan Daza,batter,0.047,0.538,-0.491,30.0,1.51,819.0
605538,Matt Wisler,pitcher,0.047,0.462,-0.416,31.0,0.85,95.0
656212,Charlie Barnes,pitcher,0.042,0.042,0.0,28.0,-0.33,38.0
665155,Nick Maton,batter,0.041,0.041,0.0,27.0,-0.38,510.0
571745,Mitch Haniger,batter,0.041,0.041,0.0,33.0,3.81,1191.0
670090,Wyatt Mills,pitcher,0.037,0.037,0.0,29.0,-0.31,41.3
621006,Richie Martin,batter,0.037,0.037,0.0,29.0,-0.95,138.0
641682,Ryan Hendrix,pitcher,0.036,0.036,0.0,29.0,-0.25,39.3
672578,Carlos Hernández,pitcher,0.036,0.036,0.0,27.0,0.28,211.2
687799,Cade Marlowe,batter,0.036,0.536,-0.5,27.0,1.06,100.0
649144,Alex Wells,pitcher,0.035,0.035,0.0,27.0,-0.27,45.4
623485,Ashton Goudeau,pitcher,0.035,0.035,0.0,31.0,-0.1,54.2
664054,Cody Stashak,pitcher,0.032,0.032,0.0,30.0,-0.29,31.3
650382,Darwinzon Hernández,pitcher,0.031,0.031,0.0,27.0,0.01,47.3
624647,Victor González,pitcher,0.03,0.325,-0.295,28.0,0.72,68.3
656403,Drew Ellis,batter,0.03,0.03,0.0,28.0,-0.85,129.0
607188,Jake Faria,pitcher,0.029,0.029,0.0,30.0,-0.16,34.2
661440,Mauricio Llovera,pitcher,0.026,0.026,0.0,28.0,-0.19,57.3
656290,Drew Carlton,pitcher,0.026,0.026,0.0,28.0,-0.12,31.6
663853,Romy Gonzalez,batter,0.026,0.026,0.0,27.0,-0.72,239.0
656887,Sean Reid-Foley,pitcher,0.025,0.025,0.0,28.0,-0.3,37.4
605151,Archie Bradley,pitcher,0.023,0.023,0.0,31.0,0.02,76.3
607481,Aaron Bummer,pitcher,0.021,0.021,0.0,30.0,0.14,143.5
516782,Starling Marte,batter,0.02,0.02,0.0,35.0,7.85,1385.0
676083,Janson Junk,pitcher,0.019,0.019,0.0,28.0,-0.18,31.3
621458,Edwin Ríos,batter,0.016,0.016,0.0,30.0,-0.95,186.0
657514,Brennan Bernardino,pitcher,0.016,0.016,0.0,32.0,1.12,52.3
664948,Anthony Misiewicz,pitcher,0.014,0.014,0.0,29.0,-0.12,94.2
592717,Aaron Sanchez,pitcher,0.013,0.013,0.0,31.0,-0.08,95.1
641329,Bryan Baker,pitcher,0.013,0.513,-0.5,29.0,1.53,115.3
614173,Franchy Cordero,batter,0.011,0.011,0.0,29.0,-1.05,482.0
641658,Garrett Hampson,batter,0.011,0.511,-0.5,29.0,0.98,973.0
663372,Ryan Feltner,pitcher,0.01,0.01,0.0,27.0,-0.37,146.3
663878,Nate Pearson,pitcher,0.01,0.01,0.0,27.0,-0.2,57.2
656657,Zach Logue,pitcher,0.007,-0.321,0.328,28.0,-1.33,68.0
641743,Anthony Kay,pitcher,0.006,0.006,0.0,29.0,-0.27,49.4
621563,Joey Wendle,batter,0.006,0.006,0.0,34.0,5.78,1194.0
664092,Sean Poppen,pitcher,0.005,0.005,0.0,30.0,-0.38,50.4
658431,Adonis Medina,pitcher,0.004,0.004,0.0,27.0,-0.27,30.4
669674,Sam Long,pitcher,0.003,0.003,0.0,28.0,-0.37,127.3
642092,Riley Smith,pitcher,0.001,0.001,0.0,29.0,-0.42,67.1
595881,Tyler Beede,pitcher,0.0,0.0,0.0,31.0,-0.34,62.1
607572,Sam Howard,pitcher,-0.002,-0.002,0.0,31.0,-0.41,47.0
607461,Matt Beaty,batter,-0.003,-0.003,0.0,31.0,-0.92,364.0
670950,Trevor Richards,pitcher,-0.003,-0.003,0.0,31.0,-0.06,201.3
641672,Thomas Hatch,pitcher,-0.005,-0.005,0.0,29.0,-0.39,41.5
592192,Mark Canha,batter,-0.005,0.308,-0.312,35.0,7.34,1695.0
656322,Sam Coonrod,pitcher,-0.006,-0.006,0.0,31.0,-0.18,60.5
641907,Patrick Murphy,pitcher,-0.007,-0.007,0.0,29.0,-0.41,33.2
607455,Anthony Banda,pitcher,-0.009,-0.009,0.0,30.0,-0.32,66.4
663527,Tyler Nevin,batter,-0.009,-0.009,0.0,27.0,-0.84,313.0
519203,Anthony Rizzo,batter,-0.01,-0.01,0.0,34.0,4.78,1586.0
592254,José De León,pitcher,-0.013,-0.013,0.0,31.0,-0.49,35.2
664874,Seby Zavala,batter,-0.013,0.313,-0.326,30.0,0.52,502.0
621057,Justin Garza,pitcher,-0.02,-0.02,0.0,30.0,-0.25,46.3
641820,Trey Mancini,batter,-0.021,-0.021,0.0,32.0,1.32,1490.0
681982,Grant Anderson,pitcher,-0.021,-0.021,0.0,27.0,-0.29,35.2
655889,Manuel Rodríguez,pitcher,-0.022,-0.022,0.0,27.0,-0.62,30.4
675912,Zac Lowther,pitcher,-0.023,-0.023,0.0,28.0,-0.47,34.3
663753,Reiss Knehr,pitcher,-0.023,-0.023,0.0,27.0,-0.34,47.4
680700,Richie Palacios,batter,-0.035,0.293,-0.329,27.0,0.36,225.0
663630,Ryan McKenna,batter,-0.035,0.373,-0.408,27.0,0.66,508.0
572008,Chris Owings,batter,-0.036,-0.444,0.408,32.0,-0.18,143.0
642083,Aaron Slegers,pitcher,-0.036,-0.036,0.0,31.0,-0.51,31.0
593144,Richard Rodríguez,pitcher,-0.037,-0.037,0.0,34.0,2.06,64.1
595956,Cam Gallagher,batter,-0.039,-0.039,0.0,31.0,-0.76,320.0
608841,Joey Meneses,batter,-0.042,0.458,-0.5,32.0,1.66,897.0
605164,Dylan Bundy,pitcher,-0.044,-0.044,0.0,31.0,-0.48,230.2
596847,Ji Man Choi,batter,-0.044,-0.427,0.383,33.0,1.75,855.0
642152,Lou Trivino,pitcher,-0.045,-0.045,0.0,32.0,1.02,130.3
664918,Kyle Keller,pitcher,-0.046,-0.046,0.0,31.0,-0.53,33.1
664199,Taylor Clarke,pitcher,-0.046,-0.046,0.0,31.0,-0.27,151.1
642397,Gregory Soto,pitcher,-0.048,0.409,-0.456,29.0,1.47,186.4
656257,Jeff Brigham,pitcher,-0.049,-0.345,0.296,32.0,0.23,61.2
595453,Chad Wallach,batter,-0.052,-0.433,0.381,32.0,-0.78,278.0
592229,Dylan Covey,pitcher,-0.055,-0.055,0.0,32.0,0.47,43.0
500743,Miguel Rojas,batter,-0.055,-0.055,0.0,35.0,6.4,1475.0
641771,Chad Kuhl,pitcher,-0.056,-0.387,0.33,31.0,-1.26,255.2
623520,David Bote,batter,-0.056,0.444,-0.5,31.0,0.32,454.0
543877,Christian Vázquez,batter,-0.057,-0.057,0.0,33.0,2.92,1332.0
592761,Caleb Smith,pitcher,-0.058,-0.058,0.0,32.0,0.79,183.2
666818,Luis Frías,pitcher,-0.063,0.437,-0.5,26.0,-0.65,57.3
650530,Bryan Garcia,pitcher,-0.066,-0.066,0.0,29.0,-0.81,59.2
675627,Michael Grove,pitcher,-0.068,-0.415,0.347,27.0,-1.32,100.1
543068,C. J. Cron,batter,-0.069,-0.069,0.0,34.0,5.23,1457.0
641386,Ben Bowden,pitcher,-0.07,-0.07,0.0,29.0,-0.58,35.2
546318,Odúbel Herrera,batter,-0.07,0.43,-0.5,32.0,1.98,689.0
665665,Reiver Sanmartin,pitcher,-0.07,-0.07,0.0,28.0,-0.38,82.2
592773,Ryne Stanek,pitcher,-0.071,0.429,-0.5,32.0,3.0,190.5
596027,Dillon Maples,pitcher,-0.072,-0.072,0.0,32.0,0.62,31.1
664042,Travis Lakins,pitcher,-0.072,-0.072,0.0,30.0,-0.63,38.1
641627,Trevor Gott,pitcher,-0.073,-0.073,0.0,31.0,-0.48,103.2
669374,Keston Hiura,batter,-0.077,0.37,-0.446,27.0,-0.05,463.0
656308,Michael Chavis,batter,-0.077,0.252,-0.33,28.0,-0.06,646.0
680118,Dairon Blanco,batter,-0.077,0.423,-0.5,31.0,1.28,145.0
643524,Frank Schwindel,batter,-0.077,-0.077,0.0,32.0,0.68,551.0
669211,Keegan Akin,pitcher,-0.078,-0.078,0.0,29.0,-0.48,199.4
670768,Luis González,batter,-0.078,0.412,-0.49,28.0,0.39,361.0
680739,Josh Winder,pitcher,-0.079,0.229,-0.307,27.0,0.28,101.2
656464,Kevin Ginkel,pitcher,-0.08,0.42,-0.5,30.0,0.75,134.2
656686,Corbin Martin,pitcher,-0.085,-0.085,0.0,28.0,-0.76,38.1
676092,Collin Snider,pitcher,-0.085,-0.085,0.0,28.0,-0.61,54.2
621593,Anthony Castro,pitcher,-0.087,-0.087,0.0,29.0,-0.63,37.3
640449,Clint Frazier,batter,-0.09,-0.09,0.0,29.0,-1.79,339.0
656248,Sean Bouchard,batter,-0.09,0.41,-0.5,28.0,1.63,140.0
667498,Robert Dugger,pitcher,-0.096,-0.096,0.0,28.0,-0.8,41.2
656371,Isan Díaz,batter,-0.099,-0.099,0.0,28.0,-1.71,304.0
624512,Reese McGuire,batter,-0.102,0.398,-0.5,29.0,0.91,697.0
663531,Logan Allen,pitcher,-0.105,-0.105,0.0,27.0,-0.81,57.3
623451,Jackson Stephens,pitcher,-0.106,0.18,-0.286,30.0,0.23,67.2
663804,Jackson Kowar,pitcher,-0.109,-0.468,0.359,27.0,-2.59,73.3
592826,Vince Velasquez,pitcher,-0.114,-0.114,0.0,32.0,0.74,206.3
621466,DJ Stewart,batter,-0.116,0.23,-0.347,30.0,0.01,506.0
622772,Jimmy Cordero,pitcher,-0.116,-0.116,0.0,32.0,0.45,32.2
642727,Sergio Alcántara,batter,-0.118,0.382,-0.5,27.0,0.3,479.0
546991,Albert Almora,batter,-0.122,0.277,-0.4,30.0,-0.11,289.0
596451,Roman Quinn,batter,-0.123,0.182,-0.305,31.0,0.14,149.0
621348,Sam Clay,pitcher,-0.123,-0.123,0.0,31.0,-0.89,50.1
669222,Nick Senzel,batter,-0.126,-0.126,0.0,29.0,-1.58,874.0
676701,Alan Trejo,batter,-0.128,0.248,-0.376,28.0,0.27,402.0
592696,Eddie Rosario,batter,-0.13,-0.13,0.0,32.0,0.38,1281.0
594835,Marco Gonzales,pitcher,-0.131,-0.131,0.0,32.0,1.54,376.1
682051,Garrett Hill,pitcher,-0.131,-0.131,0.0,28.0,-0.5,75.3
645801,Mike Ford,batter,-0.134,0.322,-0.456,31.0,0.32,472.0
643316,Paul Fry,pitcher,-0.134,-0.134,0.0,31.0,-0.86,60.1
668676,Zach Plesac,pitcher,-0.135,-0.135,0.0,29.0,-0.34,295.5
650828,Edgar Santana,pitcher,-0.14,-0.14,0.0,32.0,0.32,42.2
676969,Brett de Geus,pitcher,-0.143,-0.143,0.0,26.0,-1.64,50.0
593643,Hanser Alberto,batter,-0.143,0.357,-0.5,31.0,0.9,504.0
641553,Adam Engel,batter,-0.146,-0.146,0.0,32.0,1.4,413.0
628708,Yunior Marte,pitcher,-0.147,-0.147,0.0,29.0,-0.68,87.1
670046,Kenny Rosenberg,pitcher,-0.152,0.344,-0.496,28.0,0.79,43.2
596117,Garrett Stubbs,batter,-0.155,0.345,-0.5,31.0,1.01,284.0
621545,Zach Remillard,batter,-0.159,0.341,-0.5,30.0,0.09,160.0
676534,Calvin Faucher,pitcher,-0.165,-0.165,0.0,28.0,-0.81,46.3
622569,Pablo Reyes,batter,-0.167,0.306,-0.473,30.0,0.91,288.0
545121,Ildemaro Vargas,batter,-0.167,0.219,-0.386,32.0,1.93,591.0
657093,Spenser Watkins,pitcher,-0.167,-0.167,0.0,31.0,-1.11,163.4
666154,Karl Kauffmann,pitcher,-0.168,0.185,-0.353,26.0,-0.81,35.0
607067,Colin Rea,pitcher,-0.169,-0.58,0.411,33.0,0.52,130.2
645444,José Herrera,batter,-0.169,0.106,-0.274,27.0,-0.42,248.0
650671,José Quijada,pitcher,-0.17,0.162,-0.332,28.0,0.5,74.4
553869,Elías Díaz,batter,-0.172,0.328,-0.5,33.0,4.11,1278.0
669618,Joe Barlow,pitcher,-0.173,0.245,-0.418,28.0,0.97,73.2
605218,Carl Edwards,pitcher,-0.173,0.082,-0.255,32.0,1.79,98.4
670712,Mike Brosseau,batter,-0.176,0.324,-0.5,30.0,1.1,407.0
650496,J. C. Mejía,pitcher,-0.176,-0.176,0.0,27.0,-1.46,65.3
605194,Jharel Cotton,pitcher,-0.176,-0.176,0.0,32.0,0.62,73.2
656818,Connor Overton,pitcher,-0.181,0.17,-0.351,30.0,0.61,59.1
608638,J. T. Chargois,pitcher,-0.188,-0.188,0.0,33.0,2.96,122.1
642162,Pat Valaika,batter,-0.19,-0.19,0.0,31.0,-1.73,281.0
656353,Tucker Davidson,pitcher,-0.191,-0.191,0.0,28.0,-0.81,125.1
664670,Alejo López,batter,-0.193,0.082,-0.275,28.0,-0.4,181.0
643410,Mark Leiter,pitcher,-0.197,-0.197,0.0,33.0,1.71,131.3
572955,Pierce Johnson,pitcher,-0.199,-0.597,0.398,33.0,1.35,141.5
664074,Cody Ponce,pitcher,-0.206,-0.206,0.0,30.0,-0.87,38.1
644364,Víctor Arano,pitcher,-0.208,-0.208,0.0,29.0,-0.69,42.0
642770,Javy Guerra,pitcher,-0.209,0.056,-0.265,28.0,0.01,40.3
623149,Paul Sewald,pitcher,-0.209,-0.209,0.0,34.0,4.3,201.5
657044,Ryan Thompson,pitcher,-0.21,-0.21,0.0,32.0,0.94,118.3
657265,Peter Strzelecki,pitcher,-0.212,0.288,-0.5,29.0,0.59,72.0
542881,Tyler Anderson,pitcher,-0.215,0.285,-0.5,34.0,5.78,491.2
571948,Hoby Milner,pitcher,-0.216,-0.216,0.0,33.0,2.03,151.6
621368,Taylor Hearn,pitcher,-0.225,-0.225,0.0,29.0,-0.96,219.1
672391,Kaleb Ort,pitcher,-0.231,-0.609,0.378,32.0,-0.75,51.2
520471,Freddy Galvis,batter,-0.234,-0.234,0.0,34.0,1.28,394.0
622072,Alex Wood,pitcher,-0.235,-0.235,0.0,33.0,2.46,370.5
642180,Tyler Wade,batter,-0.24,0.051,-0.292,29.0,-0.45,363.0
641394,Jake Brentz,pitcher,-0.243,-0.243,0.0,29.0,-0.91,69.1
663978,Chris Paddack,pitcher,-0.246,0.028,-0.274,28.0,-0.35,138.4
680735,Austin Cox,pitcher,-0.254,0.246,-0.5,27.0,0.18,35.2
664029,Mark Mathias,batter,-0.254,0.246,-0.5,29.0,0.59,163.0
657240,Julian Merryweather,pitcher,-0.256,-0.256,0.0,32.0,0.42,111.2
607625,Seth Lugo,pitcher,-0.257,-0.257,0.0,34.0,3.51,259.2
641851,Kyle McGowin,pitcher,-0.258,-0.258,0.0,32.0,0.18,30.0
668843,Conner Capel,batter,-0.27,0.23,-0.5,27.0,0.42,145.0
608648,Tyler Duffey,pitcher,-0.275,-0.775,0.5,33.0,0.9,108.1
640458,Óscar Mercado,batter,-0.277,0.223,-0.5,29.0,0.58,398.0
676946,Matthew Batten,batter,-0.277,0.223,-0.5,29.0,0.23,161.0
608716,Drew Steckenrider,pitcher,-0.287,-0.287,0.0,33.0,2.21,81.3
571863,Matt Koch,pitcher,-0.288,-0.788,0.5,33.0,0.34,42.3
450203,Charlie Morton,pitcher,-0.292,-0.292,0.0,40.0,8.53,539.2
502171,Alex Cobb,pitcher,-0.306,-0.306,0.0,36.0,6.59,393.4
660829,Hoy Park,batter,-0.31,0.087,-0.396,28.0,-0.63,210.0
605612,Harold Castro,batter,-0.312,-0.312,0.0,30.0,-1.86,1052.0
622251,Josh Staumont,pitcher,-0.313,0.187,-0.5,30.0,0.78,122.4
640461,Chad Pinder,batter,-0.315,-0.315,0.0,32.0,-0.41,612.0
656185,Greg Allen,batter,-0.315,0.185,-0.5,31.0,0.55,210.0
527054,Julio Teherán,pitcher,-0.315,-0.586,0.271,33.0,0.74,76.2
670124,Adam Oller,pitcher,-0.315,-0.614,0.299,29.0,-1.94,93.3
628452,Raisel Iglesias,pitcher,-0.316,-0.002,-0.314,34.0,5.41,191.1
570481,Erik González,batter,-0.317,-0.317,0.0,32.0,-0.29,270.0
622092,Kyle Zimmer,pitcher,-0.318,-0.318,0.0,32.0,-0.09,54.0
664247,Kyle Garlick,batter,-0.318,-0.318,0.0,32.0,0.23,299.0
608349,Corey Knebel,pitcher,-0.32,0.023,-0.342,32.0,1.24,75.3
570632,José Ureña,pitcher,-0.322,-0.625,0.302,32.0,-0.76,241.4
571760,Andrew Heaney,pitcher,-0.324,-0.324,0.0,33.0,1.73,362.5
542364,Rafael Ortega,batter,-0.327,-0.327,0.0,33.0,2.28,837.0
545358,Max Stassi,batter,-0.329,-0.329,0.0,33.0,1.24,694.0
641914,Sheldon Neuse,batter,-0.329,-0.058,-0.27,29.0,-1.27,359.0
657756,Connor Seabold,pitcher,-0.329,-0.611,0.282,28.0,-2.3,108.2
663558,Jovani Morán,pitcher,-0.335,0.165,-0.5,27.0,0.37,90.3
594694,Wilmer Difo,batter,-0.335,-0.335,0.0,32.0,-0.22,246.0
641511,Jason Delay,batter,-0.338,0.122,-0.46,29.0,-0.46,354.0
592348,Niko Goodrum,batter,-0.34,-0.34,0.0,32.0,-0.43,370.0
668674,Lucas Erceg,pitcher,-0.343,0.157,-0.5,29.0,-0.02,55.0
571945,Miles Mikolas,pitcher,-0.345,-0.345,0.0,35.0,4.5,451.5
548389,Ross Stripling,pitcher,-0.348,-0.348,0.0,34.0,3.72,324.2
685503,Kohei Arihara,pitcher,-0.349,-0.349,0.0,31.0,-1.5,60.2
642232,Ryan Yarbrough,pitcher,-0.35,-0.35,0.0,32.0,-0.26,324.2
592444,JaCoby Jones,batter,-0.35,-0.35,0.0,32.0,-0.55,105.0
592325,Ben Gamel,batter,-0.355,-0.355,0.0,32.0,-0.31,838.0
663687,Hogan Harris,pitcher,-0.356,-0.356,0.0,27.0,-0.76,63.0
643230,Steven Brault,pitcher,-0.357,-0.357,0.0,32.0,0.22,36.2
664731,P. J. Higgins,batter,-0.366,0.134,-0.5,31.0,-0.53,254.0
541645,Avisaíl García,batter,-0.367,-0.651,0.284,33.0,1.36,1029.0
643265,Garrett Cooper,batter,-0.368,-0.368,0.0,33.0,1.73,1176.0
592656,Henry Ramos,batter,-0.38,-0.38,0.0,32.0,-0.4,141.0
457763,Buster Posey,batter,-0.38,-0.38,0.0,37.0,3.56,474.0
571656,Buck Farmer,pitcher,-0.384,-0.384,0.0,33.0,1.56,157.1
608723,Austin Voth,pitcher,-0.391,-0.391,0.0,32.0,0.08,192.5
519317,Giancarlo Stanton,batter,-0.395,-0.672,0.277,34.0,3.01,1485.0
605200,Zach Davies,pitcher,-0.402,-0.402,0.0,31.0,-1.55,364.2
663158,Robert Suarez,pitcher,-0.409,-0.409,0.0,33.0,1.5,83.4
516770,Starlin Castro,batter,-0.41,-0.41,0.0,34.0,1.08,346.0
608701,Rob Refsnyder,batter,-0.415,-0.415,0.0,33.0,1.55,577.0
543257,Robbie Grossman,batter,-0.418,-0.418,0.0,34.0,3.63,1591.0
641525,Brandon Dixon,batter,-0.422,-0.422,0.0,32.0,-0.28,100.0
592741,Chasen Shreve,pitcher,-0.422,-0.746,0.324,33.0,0.94,126.4
656954,Justus Sheffield,pitcher,-0.423,-0.423,0.0,28.0,-1.88,91.3
663432,Tanner Rainey,pitcher,-0.425,-0.028,-0.398,31.0,-0.73,62.2
660294,Yoshi Tsutsugo,batter,-0.428,-0.924,0.497,32.0,-2.48,455.0
663897,Luke Williams,batter,-0.431,0.069,-0.5,27.0,-0.4,263.0
674370,Osvaldo Bido,pitcher,-0.449,0.009,-0.458,28.0,-0.24,50.2
572204,Trayce Thompson,batter,-0.451,-0.451,0.0,33.0,1.95,485.0
592222,Alex Claudio,pitcher,-0.451,-0.451,0.0,32.0,-0.03,35.4
677976,Randy Dobnak,pitcher,-0.454,-0.454,0.0,29.0,-1.28,50.2
542208,Carlos Pérez,batter,-0.466,-0.466,0.0,33.0,0.45,189.0
571976,Wil Myers,batter,-0.467,-0.467,0.0,33.0,1.62,957.0
664901,Danny Mendick,batter,-0.474,0.026,-0.5,30.0,-0.68,361.0
571980,Tyler Naquin,batter,-0.476,-0.77,0.294,33.0,0.26,796.0
570488,Phillips Valdéz,pitcher,-0.484,-0.484,0.0,32.0,-0.32,56.1
656730,Trevor Megill,pitcher,-0.484,-0.128,-0.355,30.0,-1.17,103.4
649557,Aledmys Díaz,batter,-0.485,-0.485,0.0,33.0,1.7,1020.0
656793,Nick Nelson,pitcher,-0.489,0.011,-0.5,28.0,-0.56,88.4
621249,Duane Underwood,pitcher,-0.498,0.002,-0.5,29.0,-0.25,153.4
596748,Maikel Franco,batter,-0.509,-0.509,0.0,31.0,-2.59,791.0
572122,Kyle Seager,batter,-0.515,-0.515,0.0,36.0,1.9,670.0
572287,Mike Zunino,batter,-0.517,-0.517,0.0,33.0,2.29,653.0
622110,Matt Duffy,batter,-0.517,-0.517,0.0,33.0,1.45,778.0
613564,Jason Vosler,batter,-0.518,-0.018,-0.5,30.0,-1.2,258.0
502110,J. D. Martinez,batter,-0.522,-0.522,0.0,36.0,6.3,1759.0
642701,Dennis Santana,pitcher,-0.537,-0.157,-0.38,28.0,-0.94,122.6
607200,Erick Fedde,pitcher,-0.538,-0.538,0.0,31.0,-1.66,260.1
553902,Willians Astudillo,batter,-0.543,-0.543,0.0,32.0,-1.29,271.0
643256,Adam Cimber,pitcher,-0.544,-0.544,0.0,33.0,1.96,162.6
543592,Austin Nola,batter,-0.546,-0.81,0.264,34.0,2.28,791.0
669912,Kirby Snead,pitcher,-0.559,-0.059,-0.5,29.0,-0.54,62.6
643338,Chad Green,pitcher,-0.568,-0.568,0.0,33.0,2.11,113.2
595284,Andrew Knapp,batter,-0.57,-0.57,0.0,32.0,-1.67,205.0
457759,Justin Turner,batter,-0.57,-0.57,0.0,39.0,7.88,1824.0
571882,Derek Law,pitcher,-0.572,-0.572,0.0,33.0,1.17,89.2
570257,Joely Rodríguez,pitcher,-0.578,-0.578,0.0,32.0,-0.66,107.2
641941,Emilio Pagán,pitcher,-0.579,-0.579,0.0,33.0,0.73,197.2
571510,Matt Boyd,pitcher,-0.58,-0.58,0.0,33.0,1.6,162.4
608596,Tom Murphy,batter,-0.585,-0.236,-0.349,33.0,2.69,526.0
518633,Danny Duffy,pitcher,-0.596,-0.596,0.0,35.0,2.01,61.0
594965,Daniel Ponce de Leon,pitcher,-0.597,-0.597,0.0,32.0,-0.65,33.1
543685,Anthony Rendon,batter,-0.609,-1.031,0.422,34.0,1.12,625.0
572228,Luke Voit,batter,-0.617,-0.617,0.0,33.0,0.74,883.0
554431,Tyler Matzek,pitcher,-0.622,-0.122,-0.5,33.0,2.19,121.4
572403,Drew VerHagen,pitcher,-0.625,-0.923,0.298,33.0,-0.22,82.2
657757,Gavin Sheets,batter,-0.628,-0.326,-0.302,28.0,-1.85,945.0
592346,Chi Chi González,pitcher,-0.63,-0.63,0.0,32.0,-1.03,127.4
571670,Dylan Floro,pitcher,-0.637,-0.374,-0.263,33.0,2.3,173.4
641505,Jonathan Davis,batter,-0.638,-0.379,-0.259,32.0,-0.27,298.0
573009,Joe Mantiply,pitcher,-0.639,-0.639,0.0,33.0,0.99,145.4
570256,Gregory Polanco,batter,-0.641,-0.641,0.0,32.0,-1.56,382.0
592314,Mike Foltynewicz,pitcher,-0.642,-0.642,0.0,32.0,-0.61,139.0
656354,Austin Davis,pitcher,-0.644,-0.144,-0.5,31.0,-0.74,82.2
543101,Anthony DeSclafani,pitcher,-0.657,-0.657,0.0,34.0,3.56,287.3
554340,Yimi García,pitcher,-0.662,-0.662,0.0,33.0,1.0,195.3
543294,Kyle Hendricks,pitcher,-0.662,-0.662,0.0,34.0,2.35,402.1
571479,Andrew Bellatti,pitcher,-0.665,-0.285,-0.38,32.0,0.53,88.4
608671,Travis Jankowski,batter,-0.665,-0.32,-0.345,33.0,1.92,518.0
573668,Juan Minaya,pitcher,-0.668,-0.668,0.0,33.0,1.05,49.2
514917,César Hernández,batter,-0.673,-0.673,0.0,34.0,1.02,1265.0
623433,Nick Anderson,pitcher,-0.674,-0.674,0.0,33.0,0.63,41.1
516416,Jean Segura,batter,-0.678,-0.678,0.0,34.0,3.57,1341.0
642121,Cole Sulser,pitcher,-0.683,-1.145,0.462,34.0,1.74,102.2
669952,Mitch White,pitcher,-0.684,-0.279,-0.405,29.0,-1.33,157.4
608703,Matt Reynolds,batter,-0.685,-0.685,0.0,33.0,0.55,277.0
543510,James McCann,batter,-0.693,-1.193,0.5,34.0,0.12,829.0
623211,Huascar Brazobán,pitcher,-0.693,-0.693,0.0,34.0,1.79,91.2
489119,Wade Miley,pitcher,-0.706,-0.706,0.0,37.0,8.0,320.1
571800,Drew Hutchison,pitcher,-0.711,-0.711,0.0,33.0,0.39,126.2
593833,Wander Suero,pitcher,-0.712,-0.712,0.0,32.0,-1.33,50.2
571912,Luke Maile,batter,-0.72,-0.409,-0.311,33.0,1.77,445.0
623168,Tyler Heineman,batter,-0.736,-0.736,0.0,33.0,0.36,221.0
607054,Jace Peterson,batter,-0.738,-0.738,0.0,34.0,2.22,1064.0
571718,Brian Goodwin,batter,-0.741,-0.741,0.0,33.0,-0.63,271.0
621219,Alec Mills,pitcher,-0.741,-0.741,0.0,32.0,-1.33,137.2
542454,Danny Santana,batter,-0.745,-0.745,0.0,33.0,-0.23,130.0
572039,Stephen Piscotty,batter,-0.746,-1.071,0.325,33.0,-1.37,327.0
543518,Scott McGough,pitcher,-0.774,-1.274,0.5,34.0,0.06,70.1
506433,Yu Darvish,pitcher,-0.782,-0.782,0.0,37.0,6.89,521.4
605177,Andrew Chafin,pitcher,-0.783,-0.783,0.0,34.0,3.03,176.4
593619,Domingo Tapia,pitcher,-0.784,-0.284,-0.5,32.0,0.9,67.4
594798,Jacob deGrom,pitcher,-0.803,-0.803,0.0,36.0,6.68,192.2
543309,Kyle Higashioka,batter,-0.821,-1.131,0.31,34.0,0.78,728.0
552640,Andrew Kittredge,pitcher,-0.836,-0.836,0.0,34.0,2.94,107.2
621389,Ty Blach,pitcher,-0.84,-0.84,0.0,33.0,0.08,122.1
573124,Taylor Rogers,pitcher,-0.842,-0.842,0.0,33.0,0.26,155.4
542888,Shawn Armstrong,pitcher,-0.849,-0.399,-0.449,33.0,1.3,152.0
592644,Adam Plutko,pitcher,-0.85,-0.85,0.0,32.0,-1.05,56.1
543901,Ryan Weber,pitcher,-0.855,-0.855,0.0,33.0,0.37,33.5
643493,Austin Pruitt,pitcher,-0.865,-0.865,0.0,34.0,1.75,110.3
547989,José Abreu,batter,-0.869,-0.869,0.0,37.0,7.17,1998.0
607237,Amir Garrett,pitcher,-0.874,-0.374,-0.5,32.0,0.01,116.4
571875,Jake Lamb,batter,-0.877,-0.877,0.0,33.0,-0.28,335.0
572020,James Paxton,pitcher,-0.889,-1.378,0.489,35.0,1.01,97.1
571740,Billy Hamilton,batter,-0.89,-0.89,0.0,33.0,0.24,160.0
592743,Andrelton Simmons,batter,-0.891,-0.891,0.0,34.0,1.19,536.0
623437,Justin Topa,pitcher,-0.898,-0.621,-0.276,33.0,0.68,79.2
608652,Luke Farrell,pitcher,-0.901,-0.901,0.0,33.0,0.03,39.2
592454,Tommy Kahnle,pitcher,-0.915,-0.915,0.0,34.0,1.4,54.4
518595,Travis d'Arnaud,batter,-0.92,-0.92,0.0,35.0,3.23,1032.0
501303,Ehire Adrianza,batter,-0.925,-1.425,0.5,34.0,-0.3,340.0
500779,Jose Quintana,pitcher,-0.93,-0.43,-0.5,35.0,4.28,309.2
613534,Austin Adams,pitcher,-0.943,-0.943,0.0,33.0,0.04,71.4
572125,Sam Selman,pitcher,-0.943,-0.943,0.0,33.0,-0.16,43.1
621532,Anthony Bemboom,batter,-0.956,-1.456,0.5,34.0,-0.46,100.0
667297,Tommy Nance,pitcher,-0.959,-0.959,0.0,33.0,-0.37,71.4
462101,Elvis Andrus,batter,-0.96,-0.516,-0.444,35.0,4.39,1524.0
608717,Chris Stratton,pitcher,-0.963,-0.517,-0.446,33.0,1.5,228.4
593576,Héctor Neris,pitcher,-0.964,-0.575,-0.389,35.0,4.25,221.4
543228,Yan Gomes,batter,-0.966,-0.966,0.0,36.0,5.0,1087.0
521230,Liam Hendriks,pitcher,-0.969,-0.969,0.0,35.0,4.32,136.2
547942,Kwang Hyun Kim,pitcher,-0.978,-0.978,0.0,35.0,1.03,106.2
543507,Trevor May,pitcher,-0.981,-0.981,0.0,34.0,1.47,135.5
542340,Jonathan Villar,batter,-0.982,-0.619,-0.363,33.0,0.49,725.0
606160,Rafael Montero,pitcher,-0.992,-0.992,0.0,33.0,-0.58,198.4
519043,Matt Moore,pitcher,-1.008,-0.691,-0.317,35.0,3.69,199.2
606965,Chris Devenski,pitcher,-1.017,-1.017,0.0,33.0,-0.54,65.4
600301,Taylor Motter,batter,-1.02,-1.494,0.474,34.0,-0.73,117.0
571710,Mychal Givens,pitcher,-1.032,-1.032,0.0,34.0,1.98,117.2
608700,Kevin Plawecki,batter,-1.034,-1.034,0.0,33.0,-1.01,367.0
593372,Carlos Martínez,pitcher,-1.036,-1.036,0.0,32.0,-1.25,82.1
593160,Whit Merrifield,batter,-1.037,-0.705,-0.333,35.0,4.35,1870.0
608686,Jack Mayfield,batter,-1.043,-0.748,-0.295,33.0,-0.02,364.0
598287,Noé Ramirez,pitcher,-1.048,-1.455,0.407,34.0,0.0,86.0
501381,Michael Pineda,pitcher,-1.066,-1.566,0.5,35.0,1.03,155.3
641531,Hunter Dozier,batter,-1.077,-1.077,0.0,32.0,-3.72,1134.0
543475,Jordan Lyles,pitcher,-1.081,-1.081,0.0,33.0,-0.31,536.2
594807,Adam Duvall,batter,-1.087,-0.66,-0.427,35.0,4.39,1287.0
571946,Shelby Miller,pitcher,-1.101,-0.601,-0.5,33.0,1.02,63.2
543859,Michael Tonkin,pitcher,-1.108,-1.108,0.0,34.0,0.27,80.2
605412,Joe Panik,batter,-1.113,-1.113,0.0,33.0,-1.56,257.0
607732,Jacob Stallings,batter,-1.126,-1.126,0.0,34.0,1.42,1089.0
641755,Tyler Kinley,pitcher,-1.136,-0.636,-0.5,33.0,1.29,110.2
519242,Chris Sale,pitcher,-1.144,-1.144,0.0,35.0,2.58,158.6
628338,Guillermo Heredia,batter,-1.147,-0.745,-0.402,33.0,-0.04,433.0
502043,Kyle Gibson,pitcher,-1.152,-1.152,0.0,36.0,4.67,547.0
543305,Aaron Hicks,batter,-1.155,-0.811,-0.344,34.0,1.56,905.0
545350,Jake Marisnick,batter,-1.191,-0.691,-0.5,33.0,0.71,363.0
518792,Jason Heyward,batter,-1.2,-0.752,-0.448,34.0,1.64,888.0
518397,Scott Alexander,pitcher,-1.204,-1.204,0.0,34.0,1.01,80.3
519151,Ryan Pressly,pitcher,-1.22,-1.22,0.0,35.0,2.84,203.4
544365,Manny Banuelos,pitcher,-1.225,-0.963,-0.261,33.0,-0.25,41.0
518886,Craig Kimbrel,pitcher,-1.226,-1.226,0.0,36.0,4.3,196.2
570663,Hansel Robles,pitcher,-1.231,-1.231,0.0,33.0,-0.93,98.3
605113,Nick Ahmed,batter,-1.24,-1.24,0.0,34.0,0.43,737.0
458681,Lance Lynn,pitcher,-1.246,-1.746,0.5,37.0,5.29,467.5
571466,Tucker Barnhart,batter,-1.248,-0.882,-0.366,33.0,-0.26,819.0
456781,Donovan Solano,batter,-1.25,-1.25,0.0,36.0,3.66,1120.0
502054,Tommy Pham,batter,-1.257,-1.257,0.0,36.0,3.41,1728.0
592767,Drew Smyly,pitcher,-1.259,-1.259,0.0,35.0,2.36,382.2
500871,Eduardo Escobar,batter,-1.264,-1.264,0.0,35.0,2.61,1471.0
474832,Brandon Belt,batter,-1.265,-0.98,-0.286,36.0,5.02,1091.0
543272,Brad Hand,pitcher,-1.278,-1.278,0.0,34.0,0.43,168.6
660261,Shintaro Fujinami,pitcher,-1.289,-1.289,0.0,30.0,-1.98,79.0
598265,Jackie Bradley,batter,-1.291,-1.687,0.396,34.0,-1.79,912.0
544369,Didi Gregorius,batter,-1.31,-1.576,0.266,34.0,-1.41,640.0
642851,Austin Wynns,batter,-1.337,-0.837,-0.5,33.0,-0.25,461.0
578428,Jose Iglesias,batter,-1.338,-0.838,-0.5,34.0,0.42,978.0
503449,Wily Peralta,pitcher,-1.355,-0.873,-0.482,35.0,2.78,131.3
605131,Austin Barnes,batter,-1.355,-1.355,0.0,34.0,0.03,644.0
545343,Louis Head,pitcher,-1.367,-1.367,0.0,34.0,0.2,63.2
541640,Erasmo Ramírez,pitcher,-1.37,-1.37,0.0,34.0,0.38,172.4
608718,Brent Suter,pitcher,-1.376,-0.957,-0.419,34.0,1.53,208.4
595465,Dan Winkler,pitcher,-1.378,-1.378,0.0,34.0,-0.16,39.2
543105,Alex Dickerson,batter,-1.38,-1.38,0.0,34.0,-0.54,352.0
543333,Eric Hosmer,batter,-1.381,-0.906,-0.475,34.0,1.78,1084.0
572143,Burch Smith,pitcher,-1.391,-1.391,0.0,34.0,-0.2,43.1
643361,Kevin Herget,pitcher,-1.407,-0.907,-0.5,33.0,0.04,31.1
592200,Curt Casali,batter,-1.41,-1.41,0.0,35.0,2.09,504.0
518585,Fernando Cruz,pitcher,-1.424,-1.032,-0.392,34.0,1.03,80.2
657193,Eddy Alvarez,batter,-1.428,-1.428,0.0,34.0,-0.34,101.0
425844,Zack Greinke,pitcher,-1.44,-1.44,0.0,40.0,4.73,456.2
543056,Danny Coulombe,pitcher,-1.445,-0.945,-0.5,34.0,1.67,98.3
544727,Jeurys Familia,pitcher,-1.455,-1.732,0.277,34.0,-1.12,115.4
455119,Chris Martin,pitcher,-1.458,-1.458,0.0,38.0,4.58,156.3
542583,Jesús Aguilar,batter,-1.464,-1.464,0.0,34.0,-0.35,1132.0
519008,T. J. McFarland,pitcher,-1.477,-1.977,0.5,35.0,0.02,72.5
572041,AJ Pollock,batter,-1.484,-1.794,0.309,36.0,2.7,1129.0
467793,Carlos Santana,batter,-1.491,-1.491,0.0,38.0,3.63,1817.0
543022,Tyler Chatwood,pitcher,-1.495,-1.495,0.0,34.0,-0.41,32.0
519293,Will Smith,pitcher,-1.497,-1.237,-0.26,34.0,0.97,198.2
518626,Josh Donaldson,batter,-1.503,-1.503,0.0,38.0,5.36,1322.0
543606,Jake Odorizzi,pitcher,-1.523,-1.23,-0.293,34.0,0.39,220.1
605154,John Brebbia,pitcher,-1.524,-1.024,-0.5,34.0,1.39,124.2
543768,Travis Shaw,batter,-1.532,-1.532,0.0,34.0,-1.23,274.0
621295,Nick Wittgren,pitcher,-1.557,-1.057,-0.5,33.0,-0.57,120.1
607391,Chris Mazza,pitcher,-1.559,-1.559,0.0,34.0,-0.56,32.2
518735,Yasmani Grandal,batter,-1.564,-1.564,0.0,35.0,1.76,1174.0
542882,Matt Andriese,pitcher,-1.572,-1.572,0.0,34.0,-0.56,48.1
519326,Hunter Strickland,pitcher,-1.573,-1.573,0.0,35.0,0.89,123.1
501571,Juan Lagares,batter,-1.574,-2.074,0.5,35.0,-1.31,389.0
444482,David Peralta,batter,-1.575,-1.575,0.0,36.0,2.51,1457.0
501625,José Álvarez,pitcher,-1.578,-1.578,0.0,35.0,1.11,80.1
518516,Madison Bumgarner,pitcher,-1.579,-1.579,0.0,34.0,-0.05,320.5
543543,Brad Miller,batter,-1.582,-1.582,0.0,34.0,-1.21,685.0
594838,Philip Gosselin,batter,-1.589,-2.089,0.5,35.0,-1.33,450.0
595014,Blake Treinen,pitcher,-1.608,-1.608,0.0,36.0,2.65,87.0
502085,David Robertson,pitcher,-1.611,-1.611,0.0,39.0,4.25,154.2
598286,Nick Ramirez,pitcher,-1.614,-1.114,-0.5,34.0,0.57,60.3
594809,Adam Eaton,batter,-1.627,-1.627,0.0,35.0,-0.38,288.0
628317,Kenta Maeda,pitcher,-1.633,-1.633,0.0,36.0,1.47,214.2
543281,Josh Harrison,batter,-1.637,-1.637,0.0,36.0,3.07,1097.0
500610,Deolis Guerra,pitcher,-1.643,-1.643,0.0,35.0,0.18,65.2
456501,Johnny Cueto,pitcher,-1.655,-1.655,0.0,38.0,4.36,324.4
598264,Matt Barnes,pitcher,-1.655,-1.155,-0.5,34.0,1.32,115.5
503556,Marwin González,batter,-1.672,-1.672,0.0,35.0,-0.18,519.0
607560,Ryne Harper,pitcher,-1.673,-1.673,0.0,35.0,0.32,35.2
493603,Adam Ottavino,pitcher,-1.687,-1.687,0.0,38.0,4.21,193.4
547973,Aroldis Chapman,pitcher,-1.696,-1.696,0.0,36.0,2.66,158.3
542914,Anthony Bass,pitcher,-1.697,-1.697,0.0,36.0,2.72,151.2
445276,Kenley Jansen,pitcher,-1.72,-1.365,-0.355,36.0,4.16,186.2
657612,Tim Hill,pitcher,-1.735,-1.735,0.0,34.0,-0.91,153.5
457705,Andrew McCutchen,batter,-1.736,-1.736,0.0,37.0,3.49,1627.0
542585,José Cisnero,pitcher,-1.742,-1.742,0.0,35.0,0.83,145.3
543063,Brandon Crawford,batter,-1.745,-1.745,0.0,37.0,5.52,1347.0
607680,Kevin Pillar,batter,-1.77,-1.77,0.0,35.0,0.24,573.0
425877,Yadier Molina,batter,-1.809,-2.099,0.29,41.0,1.79,755.0
458731,Brett Gardner,batter,-1.813,-1.813,0.0,40.0,0.94,464.0
547379,Roberto Pérez,batter,-1.815,-1.815,0.0,35.0,0.39,247.0
502042,Chris Archer,pitcher,-1.832,-1.832,0.0,35.0,0.04,121.3
605361,Nick Martini,batter,-1.852,-1.352,-0.5,34.0,-0.12,124.0
501985,Mike Minor,pitcher,-1.853,-2.353,0.5,36.0,0.23,256.2
617228,Hirokazu Sawamura,pitcher,-1.856,-1.856,0.0,36.0,1.41,105.2
518553,Steve Cishek,pitcher,-1.889,-2.313,0.424,38.0,1.52,134.2
628450,Yadiel Hernández,batter,-1.893,-1.893,0.0,36.0,0.72,616.0
502202,Brad Boxberger,pitcher,-1.897,-1.897,0.0,36.0,2.19,150.2
489334,Craig Stammen,pitcher,-1.913,-2.413,0.5,40.0,1.41,128.3
592473,Adam Kolarek,pitcher,-1.915,-1.915,0.0,35.0,0.03,32.2
572816,Corey Dickerson,batter,-1.936,-1.936,0.0,35.0,-0.45,820.0
571578,Patrick Corbin,pitcher,-1.939,-2.268,0.329,34.0,-3.14,503.4
434671,Aníbal Sánchez,pitcher,-1.94,-2.235,0.295,40.0,0.82,69.1
600303,Tommy La Stella,batter,-1.941,-1.941,0.0,35.0,-0.55,472.0
547943,Hyun Jin Ryu,pitcher,-1.976,-2.376,0.4,37.0,2.22,248.0
571788,Brock Holt,batter,-1.984,-1.984,0.0,36.0,0.04,260.0
519222,Austin Romine,batter,-1.999,-1.999,0.0,35.0,-1.02,198.0
488726,Michael Brantley,batter,-2.029,-2.029,0.0,37.0,3.55,947.0
475582,Ryan Zimmerman,batter,-2.046,-2.046,0.0,39.0,1.08,273.0
456034,David Price,pitcher,-2.091,-2.363,0.272,38.0,1.36,113.3
606930,Jacob Barnes,pitcher,-2.107,-1.607,-0.5,34.0,-0.86,63.5
425794,Adam Wainwright,pitcher,-2.111,-2.111,0.0,42.0,3.95,503.4
592390,Heath Hembree,pitcher,-2.126,-2.126,0.0,35.0,-0.97,81.1
506702,Sandy León,batter,-2.133,-2.133,0.0,35.0,-1.81,350.0
572193,Ryan Tepera,pitcher,-2.135,-2.135,0.0,36.0,1.68,133.3
474463,Brett Anderson,pitcher,-2.144,-2.144,0.0,36.0,0.1,96.0
446334,Evan Longoria,batter,-2.145,-2.145,0.0,38.0,2.78,897.0
445926,Jesse Chavez,pitcher,-2.146,-2.146,0.0,40.0,2.79,146.4
596271,Casey Lawrence,pitcher,-2.168,-2.668,0.5,36.0,-0.85,45.1
518489,Ryan Brasier,pitcher,-2.173,-2.173,0.0,36.0,0.61,140.1
433589,Yusmeiro Petit,pitcher,-2.179,-2.179,0.0,39.0,0.87,78.0
458015,Joey Votto,batter,-2.182,-2.182,0.0,40.0,3.05,1151.0
543351,Jay Jackson,pitcher,-2.186,-2.186,0.0,36.0,1.08,51.5
518586,Charlie Culberson,batter,-2.192,-1.692,-0.5,35.0,1.06,396.0
594777,Kole Calhoun,batter,-2.207,-2.677,0.471,36.0,-1.69,780.0
518774,Matt Harvey,pitcher,-2.221,-2.221,0.0,35.0,-0.72,127.2
488771,Jason Castro,batter,-2.222,-2.722,0.5,37.0,0.43,276.0
452678,Asdrúbal Cabrera,batter,-2.232,-2.232,0.0,38.0,0.37,352.0
548384,Brooks Raley,pitcher,-2.236,-1.796,-0.439,36.0,1.8,163.6
543766,Bryan Shaw,pitcher,-2.237,-2.237,0.0,36.0,0.78,180.4
489446,Kirby Yates,pitcher,-2.243,-2.499,0.256,37.0,1.0,68.1
467092,Wilson Ramos,batter,-2.245,-2.245,0.0,36.0,-0.39,163.0
573204,Caleb Thielbar,pitcher,-2.26,-2.26,0.0,37.0,2.52,156.3
456715,Lorenzo Cain,batter,-2.261,-2.261,0.0,38.0,1.93,456.0
571901,Aaron Loup,pitcher,-2.292,-2.292,0.0,36.0,1.29,162.6
453268,Daniel Bard,pitcher,-2.295,-1.938,-0.357,39.0,3.41,174.4
501981,Khris Davis,batter,-2.296,-2.296,0.0,36.0,-0.35,114.0
405395,Albert Pujols,batter,-2.302,-2.015,-0.287,44.0,1.49,673.0
453265,Tony Watson,pitcher,-2.309,-2.309,0.0,39.0,0.81,57.1
502179,Paolo Espino,pitcher,-2.314,-2.67,0.356,37.0,1.18,226.3
453568,Charlie Blackmon,batter,-2.321,-1.979,-0.342,37.0,2.62,1572.0
543521,Collin McHugh,pitcher,-2.323,-2.064,-0.259,37.0,3.59,197.6
502624,Chase Anderson,pitcher,-2.327,-2.327,0.0,36.0,0.07,158.1
517008,Alex Colomé,pitcher,-2.333,-2.333,0.0,35.0,-1.77,115.0
453284,Blake Parker,pitcher,-2.345,-2.345,0.0,39.0,0.91,43.2
443558,Nelson Cruz,batter,-2.353,-2.353,0.0,43.0,2.21,1261.0
607359,Spencer Patton,pitcher,-2.36,-2.36,0.0,36.0,0.45,61.2
458677,Justin Wilson,pitcher,-2.392,-2.392,0.0,36.0,0.08,37.2
673451,Shogo Akiyama,batter,-2.396,-2.396,0.0,36.0,-0.94,183.0
573131,Darin Ruf,batter,-2.408,-2.713,0.305,37.0,1.05,771.0
607345,Kevan Smith,batter,-2.41,-2.41,0.0,36.0,-0.84,106.0
571521,Rex Brothers,pitcher,-2.412,-2.412,0.0,36.0,-0.26,53.0
503569,Rafael Dolis,pitcher,-2.42,-2.42,0.0,36.0,-0.23,32.0
523260,Joe Kelly,pitcher,-2.433,-2.433,0.0,36.0,0.15,127.1
519390,Stephen Vogt,batter,-2.441,-2.91,0.469,39.0,-0.7,429.0
448179,Rich Hill,pitcher,-2.475,-2.475,0.0,44.0,1.89,428.4
660365,Hyeon-jong Yang,pitcher,-2.477,-2.477,0.0,36.0,-0.37,35.1
457708,Justin Upton,batter,-2.48,-2.48,0.0,36.0,-1.07,419.0
429722,Ervin Santana,pitcher,-2.483,-2.483,0.0,41.0,0.45,65.1
501659,Abraham Almonte,batter,-2.498,-1.998,-0.5,35.0,-1.02,228.0
519048,Mitch Moreland,batter,-2.501,-2.501,0.0,38.0,0.02,252.0
502239,Trevor Cahill,pitcher,-2.513,-2.513,0.0,36.0,-0.45,37.0
455117,Martín Maldonado,batter,-2.533,-2.533,0.0,37.0,0.68,1331.0
488671,Alex Avila,batter,-2.568,-2.568,0.0,37.0,0.72,111.0
542947,Richard Bleier,pitcher,-2.575,-2.575,0.0,37.0,1.63,138.4
488984,Tommy Hunter,pitcher,-2.592,-2.919,0.327,37.0,0.28,53.3
453281,Wade LeBlanc,pitcher,-2.607,-2.607,0.0,39.0,0.33,49.0
493329,Yuli Gurriel,batter,-2.631,-2.249,-0.382,40.0,2.85,1635.0
448281,Sean Doolittle,pitcher,-2.632,-2.632,0.0,37.0,1.0,54.3
519058,Mike Moustakas,batter,-2.635,-2.213,-0.422,35.0,-2.04,877.0
429664,Robinson Canó,batter,-2.638,-3.138,0.5,41.0,-1.49,104.0
543339,Daniel Hudson,pitcher,-2.639,-2.639,0.0,37.0,1.47,78.3
446372,Corey Kluber,pitcher,-2.647,-2.647,0.0,38.0,1.44,300.2
502481,Jarrod Dyson,batter,-2.663,-2.663,0.0,39.0,-0.03,149.0
453178,Ian Kennedy,pitcher,-2.663,-3.07,0.407,39.0,-0.12,122.3
474568,Jordy Mercer,batter,-2.677,-2.677,0.0,37.0,0.07,127.0
456713,Matt Bush,pitcher,-2.68,-3.18,0.5,38.0,-0.91,73.3
446321,Ross Detwiler,pitcher,-2.681,-2.681,0.0,38.0,0.58,78.2
472610,Luis García,pitcher,-2.7,-2.7,0.0,37.0,0.82,159.4
476704,Jed Lowrie,batter,-2.731,-3.036,0.305,40.0,-1.01,696.0
502706,Derek Holland,pitcher,-2.732,-2.732,0.0,37.0,0.09,49.2
444489,Manny Piña,batter,-2.747,-2.747,0.0,37.0,1.36,241.0
468504,Jhoulys Chacín,pitcher,-2.753,-2.753,0.0,36.0,-0.74,111.2
444876,Alcides Escobar,batter,-2.754,-2.47,-0.284,37.0,1.08,480.0
502210,Josh Reddick,batter,-2.759,-2.759,0.0,37.0,-0.42,158.0
465657,Joakim Soria,pitcher,-2.804,-2.804,0.0,40.0,0.01,37.1
519299,Eric Sogard,batter,-2.804,-2.804,0.0,38.0,-0.64,180.0
475479,David Phelps,pitcher,-2.815,-2.315,-0.5,37.0,1.56,73.3
467827,Gerardo Parra,batter,-2.829,-2.829,0.0,37.0,-0.46,107.0
461325,Tyler Clippard,pitcher,-2.829,-2.829,0.0,39.0,0.56,30.1
503285,Darren O'Day,pitcher,-2.839,-2.839,0.0,41.0,0.36,31.4
518617,Jake Diekman,pitcher,-2.844,-2.844,0.0,37.0,0.28,174.6
476595,Lucas Luetge,pitcher,-2.847,-2.522,-0.325,37.0,1.91,142.4
453192,Andrew Miller,pitcher,-2.861,-2.861,0.0,39.0,-0.11,36.0
572070,Garrett Richards,pitcher,-2.891,-2.459,-0.432,36.0,-0.17,179.2
435559,Kurt Suzuki,batter,-2.939,-2.939,0.0,40.0,-0.86,406.0
543548,Tommy Milone,pitcher,-2.952,-2.952,0.0,37.0,-0.12,39.2
448855,Junior Guerra,pitcher,-2.963,-2.963,0.0,39.0,-0.36,65.1
471911,Carlos Carrasco,pitcher,-2.966,-3.223,0.256,37.0,-0.9,295.2
518813,Greg Holland,pitcher,-2.983,-2.983,0.0,38.0,-0.26,59.4
453343,Mark Melancon,pitcher,-2.988,-2.522,-0.466,39.0,1.32,120.2
491624,César Valdez,pitcher,-3.026,-3.026,0.0,39.0,-0.5,47.0
501925,Joe Smith,pitcher,-3.032,-3.032,0.0,40.0,-0.35,66.3
572761,Matt Carpenter,batter,-3.035,-2.535,-0.5,38.0,0.89,652.0
452657,Jon Lester,pitcher,-3.067,-3.067,0.0,40.0,-0.51,141.1
451584,Wade Davis,pitcher,-3.091,-3.091,0.0,38.0,-0.61,42.2
455139,Robinson Chirinos,batter,-3.104,-2.672,-0.432,40.0,0.23,332.0
542960,Brad Brach,pitcher,-3.112,-3.112,0.0,38.0,-0.7,30.0
489265,Sergio Romo,pitcher,-3.12,-3.12,0.0,41.0,-0.61,79.2
572971,Dallas Keuchel,pitcher,-3.161,-3.161,0.0,36.0,-2.56,259.4
458708,Josh Tomlin,pitcher,-3.182,-3.182,0.0,39.0,-0.77,49.1
408234,Miguel Cabrera,batter,-3.259,-3.259,0.0,41.0,-1.97,1329.0
459429,Jake McGee,pitcher,-3.515,-3.015,-0.5,37.0,-0.1,99.1
457918,J. A. Happ,pitcher,-3.671,-3.671,0.0,41.0,-1.29,152.1
533167,Matt Shoemaker,pitcher,-3.808,-3.808,0.0,37.0,-1.83,60.1
453562,Jake Arrieta,pitcher,-4.6,-4.6,0.0,38.0,-2.75,98.2
