timestamp_utc,inning,half,batter_id,batter_name,pitcher_id,pitcher_name,count_balls,count_strikes,runners_on,outs,pitchgpt_top1_type,pitchgpt_top1_prob,pitchgpt_top3_json,actual_pitch_type,actual_zone,actual_velo,correct_top1,brier,log_loss
2026-04-19T23:29:37Z,1,top,660670,Ronald Acuña Jr.,691725,Andrew Painter,0,0,empty,0,FF,0.2626,"[{""type"":""FF"",""prob"":0.2626},{""type"":""SI"",""prob"":0.201},{""type"":""FC"",""prob"":0.1216}]",FF,12,97.6,True,0.6178,1.3369
2026-04-19T23:29:37Z,1,top,660670,Ronald Acuña Jr.,691725,Andrew Painter,1,0,empty,0,FF,0.4321,"[{""type"":""FF"",""prob"":0.4321},{""type"":""CU"",""prob"":0.1294},{""type"":""FC"",""prob"":0.118}]",FF,3,96.1,True,0.3717,0.839
2026-04-19T23:29:37Z,1,top,686948,Drake Baldwin,691725,Andrew Painter,0,0,empty,1,FF,0.276,"[{""type"":""FF"",""prob"":0.276},{""type"":""SI"",""prob"":0.1197},{""type"":""CU"",""prob"":0.1172}]",FF,7,95.5,True,0.5911,1.2875
2026-04-19T23:29:37Z,1,top,686948,Drake Baldwin,691725,Andrew Painter,0,1,empty,1,FF,0.5172,"[{""type"":""FF"",""prob"":0.5172},{""type"":""CU"",""prob"":0.1118},{""type"":""SI"",""prob"":0.066}]",FF,12,98.3,True,0.2652,0.6593
2026-04-19T23:29:37Z,1,top,686948,Drake Baldwin,691725,Andrew Painter,0,2,empty,1,FF,0.5097,"[{""type"":""FF"",""prob"":0.5097},{""type"":""SL"",""prob"":0.0855},{""type"":""CU"",""prob"":0.0789}]",SI,11,97.4,False,1.1817,2.9002
2026-04-19T23:29:38Z,1,top,686948,Drake Baldwin,691725,Andrew Painter,1,2,empty,1,FF,0.4479,"[{""type"":""FF"",""prob"":0.4479},{""type"":""SI"",""prob"":0.2672},{""type"":""CH"",""prob"":0.0861}]",FS,14,89.2,False,1.2655,4.4748
2026-04-19T23:29:38Z,1,top,686948,Drake Baldwin,691725,Andrew Painter,2,2,empty,1,FF,0.5045,"[{""type"":""FF"",""prob"":0.5045},{""type"":""SI"",""prob"":0.2175},{""type"":""FS"",""prob"":0.1195}]",CU,14,82.2,False,1.2577,3.4529
2026-04-19T23:29:38Z,1,top,686948,Drake Baldwin,691725,Andrew Painter,3,2,empty,1,FF,0.497,"[{""type"":""FF"",""prob"":0.497},{""type"":""SI"",""prob"":0.2323},{""type"":""CU"",""prob"":0.1239}]",FF,2,96.7,True,0.3279,0.6992
2026-04-19T23:29:38Z,1,top,686948,Drake Baldwin,691725,Andrew Painter,3,2,empty,1,FF,0.588,"[{""type"":""FF"",""prob"":0.588},{""type"":""SI"",""prob"":0.1732},{""type"":""CU"",""prob"":0.1046}]",SI,7,98.3,False,1.0454,1.7531
2026-04-19T23:29:38Z,1,top,621566,Matt Olson,691725,Andrew Painter,0,0,empty,2,FF,0.4531,"[{""type"":""FF"",""prob"":0.4531},{""type"":""SI"",""prob"":0.2213},{""type"":""FS"",""prob"":0.1122}]",SI,13,96.5,False,0.8378,1.5083
2026-04-19T23:29:38Z,1,top,621566,Matt Olson,691725,Andrew Painter,1,0,empty,2,FF,0.4643,"[{""type"":""FF"",""prob"":0.4643},{""type"":""SI"",""prob"":0.2962},{""type"":""FS"",""prob"":0.085}]",FF,9,89.2,True,0.3881,0.7672
2026-04-19T23:29:38Z,1,top,621566,Matt Olson,691725,Andrew Painter,2,0,empty,2,FF,0.5168,"[{""type"":""FF"",""prob"":0.5168},{""type"":""SI"",""prob"":0.2514},{""type"":""FS"",""prob"":0.0662}]",SI,11,96.5,False,0.8384,1.3806
2026-04-19T23:29:38Z,1,top,621566,Matt Olson,691725,Andrew Painter,3,0,empty,2,SI,0.4083,"[{""type"":""SI"",""prob"":0.4083},{""type"":""FF"",""prob"":0.3817},{""type"":""CU"",""prob"":0.0682}]",FF,5,95.2,False,0.5583,0.9631
2026-04-19T23:29:38Z,1,top,621566,Matt Olson,691725,Andrew Painter,3,1,empty,2,FF,0.4407,"[{""type"":""FF"",""prob"":0.4407},{""type"":""SI"",""prob"":0.3322},{""type"":""CU"",""prob"":0.0706}]",SL,14,89.1,False,1.2542,3.4789
2026-04-19T23:29:38Z,1,top,621566,Matt Olson,691725,Andrew Painter,3,2,empty,2,FF,0.3927,"[{""type"":""FF"",""prob"":0.3927},{""type"":""SI"",""prob"":0.3137},{""type"":""SL"",""prob"":0.1042}]",FF,12,97.1,True,0.4882,0.9347
2026-04-19T23:29:38Z,1,top,621566,Matt Olson,691725,Andrew Painter,3,2,empty,2,FF,0.4166,"[{""type"":""FF"",""prob"":0.4166},{""type"":""SI"",""prob"":0.2912},{""type"":""SL"",""prob"":0.096}]",FF,6,97.3,True,0.4451,0.8757
2026-04-19T23:30:26Z,1,bottom,607208,Trea Turner,656550,Grant Holmes,0,0,empty,0,FF,0.2626,"[{""type"":""FF"",""prob"":0.2626},{""type"":""SI"",""prob"":0.201},{""type"":""FC"",""prob"":0.1216}]",SI,11,93.1,False,0.7411,1.6047
2026-04-19T23:30:38Z,1,bottom,607208,Trea Turner,656550,Grant Holmes,1,0,empty,0,SI,0.3863,"[{""type"":""SI"",""prob"":0.3863},{""type"":""FC"",""prob"":0.1431},{""type"":""FF"",""prob"":0.1351}]",SL,11,83.3,False,1.1176,3.1389
2026-04-19T23:31:02Z,1,bottom,607208,Trea Turner,656550,Grant Holmes,2,0,empty,0,SI,0.3781,"[{""type"":""SI"",""prob"":0.3781},{""type"":""FF"",""prob"":0.2493},{""type"":""SL"",""prob"":0.1273}]",FF,6,95.4,False,0.7329,1.389
2026-04-19T23:31:14Z,1,bottom,607208,Trea Turner,656550,Grant Holmes,2,1,empty,0,FF,0.3409,"[{""type"":""FF"",""prob"":0.3409},{""type"":""SI"",""prob"":0.2314},{""type"":""SL"",""prob"":0.1649}]",FF,9,95.1,True,0.5261,1.0762
2026-04-19T23:32:02Z,1,bottom,656941,Kyle Schwarber,656550,Grant Holmes,0,0,1B,0,FF,0.2565,"[{""type"":""FF"",""prob"":0.2565},{""type"":""CH"",""prob"":0.1961},{""type"":""FC"",""prob"":0.1518}]",SL,8,85.2,False,1.0558,2.9488
2026-04-19T23:32:14Z,1,bottom,656941,Kyle Schwarber,656550,Grant Holmes,0,1,1B,0,SL,0.3032,"[{""type"":""SL"",""prob"":0.3032},{""type"":""FF"",""prob"":0.2876},{""type"":""SI"",""prob"":0.0959}]",SL,9,85.7,True,0.5969,1.1934
2026-04-19T23:33:03Z,1,bottom,656941,Kyle Schwarber,656550,Grant Holmes,0,2,1B,0,SL,0.3893,"[{""type"":""SL"",""prob"":0.3893},{""type"":""FF"",""prob"":0.2547},{""type"":""SI"",""prob"":0.1359}]",SL,14,85.9,True,0.466,0.9434
2026-04-19T23:33:51Z,1,bottom,656941,Kyle Schwarber,656550,Grant Holmes,1,2,1B,0,SL,0.3759,"[{""type"":""SL"",""prob"":0.3759},{""type"":""FF"",""prob"":0.3104},{""type"":""SI"",""prob"":0.1293}]",SL,8,85.2,True,0.51,0.9785
2026-04-19T23:34:15Z,1,bottom,656941,Kyle Schwarber,656550,Grant Holmes,1,2,1B,0,SL,0.3741,"[{""type"":""SL"",""prob"":0.3741},{""type"":""FF"",""prob"":0.3275},{""type"":""SI"",""prob"":0.1262}]",SL,8,84.6,True,0.5216,0.9833
2026-04-19T23:37:04Z,1,bottom,547180,Bryce Harper,656550,Grant Holmes,0,0,empty,0,FF,0.315,"[{""type"":""FF"",""prob"":0.315},{""type"":""SL"",""prob"":0.3098},{""type"":""SI"",""prob"":0.118}]",SL,14,86.0,False,0.6081,1.172
2026-04-19T23:37:16Z,1,bottom,547180,Bryce Harper,656550,Grant Holmes,0,1,empty,0,SL,0.4184,"[{""type"":""SL"",""prob"":0.4184},{""type"":""FF"",""prob"":0.3327},{""type"":""SI"",""prob"":0.1049}]",SL,14,86.3,True,0.466,0.8714
2026-04-19T23:37:40Z,1,bottom,547180,Bryce Harper,656550,Grant Holmes,1,1,empty,0,SL,0.4261,"[{""type"":""SL"",""prob"":0.4261},{""type"":""FF"",""prob"":0.3493},{""type"":""SI"",""prob"":0.1188}]",FC,11,92.1,False,1.2827,3.9473
2026-04-19T23:37:52Z,1,bottom,547180,Bryce Harper,656550,Grant Holmes,2,1,empty,0,FF,0.3526,"[{""type"":""FF"",""prob"":0.3526},{""type"":""SL"",""prob"":0.326},{""type"":""FC"",""prob"":0.1228}]",SL,14,86.2,False,0.6091,1.1209
2026-04-19T23:38:04Z,1,bottom,547180,Bryce Harper,656550,Grant Holmes,3,1,empty,0,FF,0.3403,"[{""type"":""FF"",""prob"":0.3403},{""type"":""SL"",""prob"":0.3017},{""type"":""SI"",""prob"":0.154}]",FF,5,96.6,True,0.5706,1.078
2026-04-19T23:38:28Z,1,bottom,547180,Bryce Harper,656550,Grant Holmes,3,2,empty,0,FF,0.3264,"[{""type"":""FF"",""prob"":0.3264},{""type"":""SL"",""prob"":0.2944},{""type"":""SI"",""prob"":0.1574}]",SL,14,86.2,False,0.651,1.2229
2026-04-19T23:39:29Z,1,bottom,666969,Adolis García,656550,Grant Holmes,0,0,1B,0,SL,0.3637,"[{""type"":""SL"",""prob"":0.3637},{""type"":""FF"",""prob"":0.242},{""type"":""FC"",""prob"":0.1757}]",FF,6,95.9,False,0.7534,1.4189
2026-04-19T23:39:41Z,1,bottom,666969,Adolis García,656550,Grant Holmes,0,1,1B,0,SL,0.3984,"[{""type"":""SL"",""prob"":0.3984},{""type"":""FF"",""prob"":0.3482},{""type"":""FC"",""prob"":0.1024}]",FF,12,95.3,False,0.6008,1.0549
2026-04-19T23:40:05Z,1,bottom,666969,Adolis García,656550,Grant Holmes,1,1,1B,0,FF,0.387,"[{""type"":""FF"",""prob"":0.387},{""type"":""SL"",""prob"":0.3859},{""type"":""SI"",""prob"":0.0925}]",SI,13,95.5,False,1.1293,2.3811
2026-04-19T23:40:17Z,1,bottom,666969,Adolis García,656550,Grant Holmes,2,1,1B,0,SI,0.3038,"[{""type"":""SI"",""prob"":0.3038},{""type"":""FF"",""prob"":0.3028},{""type"":""SL"",""prob"":0.2624}]",FF,6,95.7,False,0.654,1.1946
2026-04-19T23:40:53Z,1,bottom,666969,Adolis García,656550,Grant Holmes,2,2,1B,0,SL,0.3679,"[{""type"":""SL"",""prob"":0.3679},{""type"":""FF"",""prob"":0.3176},{""type"":""SI"",""prob"":0.1591}]",SL,9,87.0,True,0.5349,0.9998
2026-04-19T23:41:18Z,1,bottom,669016,Brandon Marsh,656550,Grant Holmes,0,0,1B,1,SL,0.3151,"[{""type"":""SL"",""prob"":0.3151},{""type"":""FF"",""prob"":0.2707},{""type"":""FC"",""prob"":0.1702}]",FF,7,95.8,False,0.6797,1.3069
2026-04-19T23:41:30Z,1,bottom,669016,Brandon Marsh,656550,Grant Holmes,0,1,1B,1,SL,0.3854,"[{""type"":""SL"",""prob"":0.3854},{""type"":""FF"",""prob"":0.3484},{""type"":""FC"",""prob"":0.103}]",FF,7,95.5,False,0.5912,1.0545
2026-04-19T23:42:06Z,1,bottom,669016,Brandon Marsh,656550,Grant Holmes,0,2,1B,1,SL,0.4205,"[{""type"":""SL"",""prob"":0.4205},{""type"":""FF"",""prob"":0.2953},{""type"":""FC"",""prob"":0.1162}]",FF,11,96.3,False,0.6952,1.2199
2026-04-19T23:42:30Z,1,bottom,669016,Brandon Marsh,656550,Grant Holmes,1,2,1B,1,SL,0.4051,"[{""type"":""SL"",""prob"":0.4051},{""type"":""FF"",""prob"":0.3278},{""type"":""FC"",""prob"":0.1098}]",SL,8,85.7,True,0.4811,0.9036
2026-04-19T23:42:42Z,1,bottom,664761,Alec Bohm,656550,Grant Holmes,0,0,1B,2,SL,0.3357,"[{""type"":""SL"",""prob"":0.3357},{""type"":""FF"",""prob"":0.3316},{""type"":""SI"",""prob"":0.1784}]",FF,3,96.0,False,0.6003,1.1037
2026-04-19T23:43:07Z,1,bottom,664761,Alec Bohm,656550,Grant Holmes,1,0,1B,2,FF,0.3512,"[{""type"":""FF"",""prob"":0.3512},{""type"":""SL"",""prob"":0.2879},{""type"":""SI"",""prob"":0.1874}]",FF,12,95.7,True,0.55,1.0464
2026-04-19T23:43:19Z,1,bottom,664761,Alec Bohm,656550,Grant Holmes,2,0,1B,2,FF,0.4358,"[{""type"":""FF"",""prob"":0.4358},{""type"":""SL"",""prob"":0.2122},{""type"":""SI"",""prob"":0.2069}]",SL,9,85.7,False,0.8623,1.5503
2026-04-19T23:46:08Z,2,top,663586,Austin Riley,691725,Andrew Painter,0,0,empty,0,FF,0.3378,"[{""type"":""FF"",""prob"":0.3378},{""type"":""SI"",""prob"":0.2038},{""type"":""CU"",""prob"":0.1306}]",FF,1,95.7,True,0.5193,1.0853
2026-04-19T23:46:08Z,2,top,663586,Austin Riley,691725,Andrew Painter,0,0,empty,0,FF,0.3378,"[{""type"":""FF"",""prob"":0.3378},{""type"":""SI"",""prob"":0.2038},{""type"":""CU"",""prob"":0.1306}]",SI,11,93.6,False,0.7874,1.5907
2026-04-19T23:47:09Z,2,top,645277,Ozzie Albies,691725,Andrew Painter,0,0,1B,0,FF,0.3273,"[{""type"":""FF"",""prob"":0.3273},{""type"":""SI"",""prob"":0.2706},{""type"":""FS"",""prob"":0.1293}]",SL,2,87.0,False,1.1105,2.9657
2026-04-19T23:47:09Z,2,top,645277,Ozzie Albies,691725,Andrew Painter,0,0,1B,0,FF,0.3273,"[{""type"":""FF"",""prob"":0.3273},{""type"":""SI"",""prob"":0.2706},{""type"":""FS"",""prob"":0.1293}]",FF,11,95.8,True,0.5588,1.1168
2026-04-19T23:47:33Z,2,top,645277,Ozzie Albies,691725,Andrew Painter,1,1,1B,0,FF,0.4018,"[{""type"":""FF"",""prob"":0.4018},{""type"":""SI"",""prob"":0.2039},{""type"":""SL"",""prob"":0.1771}]",FF,12,95.1,True,0.4455,0.9117
2026-04-19T23:47:57Z,2,top,645277,Ozzie Albies,691725,Andrew Painter,1,2,1B,0,FF,0.3907,"[{""type"":""FF"",""prob"":0.3907},{""type"":""SL"",""prob"":0.1887},{""type"":""SI"",""prob"":0.174}]",SL,9,80.3,False,0.8567,1.6673
2026-04-19T23:48:09Z,2,top,645277,Ozzie Albies,691725,Andrew Painter,1,2,1B,0,FF,0.377,"[{""type"":""FF"",""prob"":0.377},{""type"":""SL"",""prob"":0.2233},{""type"":""SI"",""prob"":0.1772}]",FS,12,85.7,False,1.0922,2.6352
2026-04-19T23:49:09Z,2,top,645277,Ozzie Albies,691725,Andrew Painter,1,2,1B,0,FF,0.3986,"[{""type"":""FF"",""prob"":0.3986},{""type"":""SL"",""prob"":0.1726},{""type"":""FS"",""prob"":0.1689}]",FS,11,87.1,False,0.9091,1.7782
2026-04-19T23:49:46Z,2,top,645277,Ozzie Albies,691725,Andrew Painter,2,2,1B,0,FF,0.4053,"[{""type"":""FF"",""prob"":0.4053},{""type"":""FS"",""prob"":0.1855},{""type"":""SI"",""prob"":0.1811}]",FF,2,95.9,True,0.4451,0.9031
2026-04-19T23:50:10Z,2,top,645277,Ozzie Albies,691725,Andrew Painter,2,2,1B,0,FF,0.4341,"[{""type"":""FF"",""prob"":0.4341},{""type"":""SI"",""prob"":0.1858},{""type"":""FS"",""prob"":0.1567}]",CU,14,81.7,False,1.1937,3.2709
2026-04-19T23:50:34Z,2,top,573262,Mike Yastrzemski,691725,Andrew Painter,0,0,1B,1,FF,0.3923,"[{""type"":""FF"",""prob"":0.3923},{""type"":""FS"",""prob"":0.2231},{""type"":""CU"",""prob"":0.1218}]",FF,11,95.4,True,0.4552,0.9358
2026-04-19T23:50:58Z,2,top,573262,Mike Yastrzemski,691725,Andrew Painter,1,0,1B,1,FF,0.5002,"[{""type"":""FF"",""prob"":0.5002},{""type"":""FS"",""prob"":0.1706},{""type"":""SI"",""prob"":0.1168}]",FF,11,94.5,True,0.3086,0.6927
2026-04-19T23:51:10Z,2,top,573262,Mike Yastrzemski,691725,Andrew Painter,2,0,1B,1,FF,0.5578,"[{""type"":""FF"",""prob"":0.5578},{""type"":""SI"",""prob"":0.1831},{""type"":""FS"",""prob"":0.0975}]",FF,6,94.5,True,0.2464,0.5837
2026-04-19T23:51:22Z,2,top,573262,Mike Yastrzemski,691725,Andrew Painter,2,1,1B,1,FF,0.5483,"[{""type"":""FF"",""prob"":0.5483},{""type"":""FS"",""prob"":0.1364},{""type"":""SI"",""prob"":0.1255}]",SL,5,86.3,False,1.1443,2.2806
2026-04-19T23:52:11Z,2,top,642086,Dominic Smith,691725,Andrew Painter,0,0,1B,2,FF,0.4828,"[{""type"":""FF"",""prob"":0.4828},{""type"":""FS"",""prob"":0.1862},{""type"":""SL"",""prob"":0.1218}]",FF,5,97.0,True,0.3312,0.7281
2026-04-19T23:52:47Z,2,top,643289,Mauricio Dubón,691725,Andrew Painter,0,0,"1B,2B",2,FF,0.4516,"[{""type"":""FF"",""prob"":0.4516},{""type"":""FS"",""prob"":0.1652},{""type"":""SI"",""prob"":0.1356}]",ST,9,81.6,False,1.2494,4.6653
2026-04-19T23:53:11Z,2,top,643289,Mauricio Dubón,691725,Andrew Painter,0,1,"1B,2B",2,FF,0.4393,"[{""type"":""FF"",""prob"":0.4393},{""type"":""FS"",""prob"":0.1765},{""type"":""ST"",""prob"":0.1317}]",FF,1,95.4,True,0.3791,0.8225
2026-04-19T23:53:35Z,2,top,643289,Mauricio Dubón,691725,Andrew Painter,0,2,"1B,2B",2,FF,0.4558,"[{""type"":""FF"",""prob"":0.4558},{""type"":""FS"",""prob"":0.1641},{""type"":""ST"",""prob"":0.1066}]",SL,14,89.4,False,1.1081,2.5403
2026-04-19T23:54:00Z,2,top,643289,Mauricio Dubón,691725,Andrew Painter,1,2,"1B,2B",2,FF,0.4783,"[{""type"":""FF"",""prob"":0.4783},{""type"":""FS"",""prob"":0.1313},{""type"":""SL"",""prob"":0.1228}]",SL,14,88.5,False,1.0359,2.097
2026-04-19T23:54:36Z,2,top,643289,Mauricio Dubón,691725,Andrew Painter,2,2,"1B,2B",2,FF,0.4639,"[{""type"":""FF"",""prob"":0.4639},{""type"":""SL"",""prob"":0.2085},{""type"":""SI"",""prob"":0.1117}]",FF,12,96.4,True,0.3567,0.768
2026-04-19T23:55:12Z,2,top,643289,Mauricio Dubón,691725,Andrew Painter,2,2,"1B,2B",2,FF,0.5044,"[{""type"":""FF"",""prob"":0.5044},{""type"":""SL"",""prob"":0.183},{""type"":""FS"",""prob"":0.1067}]",SL,14,89.3,False,0.9475,1.6985
2026-04-19T23:56:01Z,2,top,643289,Mauricio Dubón,691725,Andrew Painter,3,2,"1B,2B",2,FF,0.5188,"[{""type"":""FF"",""prob"":0.5188},{""type"":""SL"",""prob"":0.1438},{""type"":""SI"",""prob"":0.1226}]",ST,14,83.3,False,1.2724,3.7794
2026-04-19T23:56:13Z,2,top,643289,Mauricio Dubón,691725,Andrew Painter,3,2,"1B,2B",2,FF,0.4847,"[{""type"":""FF"",""prob"":0.4847},{""type"":""SL"",""prob"":0.1736},{""type"":""FS"",""prob"":0.1051}]",FF,2,96.6,True,0.3231,0.7241
2026-04-19T23:56:37Z,2,top,643289,Mauricio Dubón,691725,Andrew Painter,3,2,"1B,2B",2,FF,0.5154,"[{""type"":""FF"",""prob"":0.5154},{""type"":""SL"",""prob"":0.1492},{""type"":""SI"",""prob"":0.1134}]",FS,3,86.1,False,1.1215,2.335
2026-04-19T23:57:13Z,2,top,643289,Mauricio Dubón,691725,Andrew Painter,3,2,"1B,2B",2,FF,0.497,"[{""type"":""FF"",""prob"":0.497},{""type"":""SL"",""prob"":0.1531},{""type"":""FS"",""prob"":0.1179}]",SI,8,94.0,False,1.1157,2.389
2026-04-20T00:00:02Z,2,top,681082,,656550,Grant Holmes,0,0,empty,0,FF,0.3442,"[{""type"":""FF"",""prob"":0.3442},{""type"":""SL"",""prob"":0.3269},{""type"":""SI"",""prob"":0.1227}]",FF,11,94.3,True,0.5653,1.0665
2026-04-20T00:00:15Z,2,bottom,681082,Bryson Stott,656550,Grant Holmes,1,0,empty,0,FF,0.3155,"[{""type"":""FF"",""prob"":0.3155},{""type"":""SL"",""prob"":0.2959},{""type"":""FC"",""prob"":0.1944}]",FF,4,94.3,True,0.6047,1.1537
2026-04-20T00:00:39Z,2,bottom,681082,Bryson Stott,656550,Grant Holmes,1,1,empty,0,SL,0.372,"[{""type"":""SL"",""prob"":0.372},{""type"":""FF"",""prob"":0.37},{""type"":""FC"",""prob"":0.1162}]",FF,4,94.9,False,0.5549,0.9942
2026-04-20T00:01:03Z,2,bottom,681082,Bryson Stott,656550,Grant Holmes,1,2,empty,0,SL,0.3751,"[{""type"":""SL"",""prob"":0.3751},{""type"":""FF"",""prob"":0.3672},{""type"":""FC"",""prob"":0.1082}]",CU,13,83.8,False,1.2342,3.5105
2026-04-20T00:01:03Z,2,bottom,681082,Bryson Stott,656550,Grant Holmes,1,2,empty,0,SL,0.3751,"[{""type"":""SL"",""prob"":0.3751},{""type"":""FF"",""prob"":0.3672},{""type"":""FC"",""prob"":0.1082}]",SL,14,85.7,True,0.5438,0.9806
2026-04-20T00:01:39Z,2,bottom,681082,Bryson Stott,656550,Grant Holmes,2,2,empty,0,SL,0.4175,"[{""type"":""SL"",""prob"":0.4175},{""type"":""FF"",""prob"":0.3021},{""type"":""FC"",""prob"":0.1052}]",CU,1,83.0,False,1.1224,2.4946
2026-04-20T00:02:04Z,2,bottom,665561,Rafael Marchán,656550,Grant Holmes,0,0,empty,1,SL,0.2802,"[{""type"":""SL"",""prob"":0.2802},{""type"":""FF"",""prob"":0.2603},{""type"":""FC"",""prob"":0.1599}]",FF,5,93.4,False,0.6844,1.346
2026-04-20T00:02:16Z,2,bottom,665561,Rafael Marchán,656550,Grant Holmes,0,1,empty,1,SL,0.3917,"[{""type"":""SL"",""prob"":0.3917},{""type"":""FF"",""prob"":0.2885},{""type"":""CU"",""prob"":0.1506}]",CU,11,83.0,False,0.9684,1.8933
2026-04-20T00:02:40Z,2,bottom,665561,Rafael Marchán,656550,Grant Holmes,1,1,empty,1,SL,0.4448,"[{""type"":""SL"",""prob"":0.4448},{""type"":""FF"",""prob"":0.3037},{""type"":""CU"",""prob"":0.1085}]",FF,8,95.6,False,0.7015,1.1917
2026-04-20T00:03:04Z,2,bottom,702222,Justin Crawford,656550,Grant Holmes,0,0,empty,2,FF,0.285,"[{""type"":""FF"",""prob"":0.285},{""type"":""SL"",""prob"":0.2777},{""type"":""CU"",""prob"":0.1735}]",FF,11,95.0,True,0.6449,1.2552
2026-04-20T00:03:28Z,2,bottom,702222,Justin Crawford,656550,Grant Holmes,1,0,empty,2,FF,0.3368,"[{""type"":""FF"",""prob"":0.3368},{""type"":""SL"",""prob"":0.2823},{""type"":""CU"",""prob"":0.1581}]",CU,4,85.0,False,0.9216,1.8448
2026-04-20T00:03:52Z,2,bottom,702222,Justin Crawford,656550,Grant Holmes,1,1,empty,2,SL,0.4279,"[{""type"":""SL"",""prob"":0.4279},{""type"":""FF"",""prob"":0.2858},{""type"":""CU"",""prob"":0.1392}]",CU,11,83.9,False,1.014,1.9718
2026-04-20T00:04:04Z,2,bottom,702222,Justin Crawford,656550,Grant Holmes,2,1,empty,2,SL,0.3816,"[{""type"":""SL"",""prob"":0.3816},{""type"":""FF"",""prob"":0.3025},{""type"":""CU"",""prob"":0.1543}]",FF,11,95.2,False,0.6657,1.1958
2026-04-20T00:04:17Z,2,bottom,702222,Justin Crawford,656550,Grant Holmes,2,2,empty,2,SL,0.399,"[{""type"":""SL"",""prob"":0.399},{""type"":""FF"",""prob"":0.2703},{""type"":""CU"",""prob"":0.1606}]",FF,1,95.3,False,0.7284,1.308
2026-04-20T00:04:41Z,2,bottom,702222,Justin Crawford,656550,Grant Holmes,2,2,empty,2,SL,0.3934,"[{""type"":""SL"",""prob"":0.3934},{""type"":""FF"",""prob"":0.2725},{""type"":""CU"",""prob"":0.1697}]",SL,7,85.5,True,0.4813,0.9328
2026-04-20T00:07:30Z,3,top,671739,Michael Harris II,691725,Andrew Painter,0,0,empty,0,FF,0.3873,"[{""type"":""FF"",""prob"":0.3873},{""type"":""FS"",""prob"":0.2001},{""type"":""SI"",""prob"":0.1302}]",FF,11,95.3,True,0.4517,0.9484
2026-04-20T00:07:42Z,3,top,671739,Michael Harris II,691725,Andrew Painter,1,0,empty,0,FF,0.4941,"[{""type"":""FF"",""prob"":0.4941},{""type"":""FS"",""prob"":0.1613},{""type"":""SI"",""prob"":0.128}]",SL,11,85.8,False,1.1325,2.4878
2026-04-20T00:08:06Z,3,top,671739,Michael Harris II,691725,Andrew Painter,1,1,empty,0,FF,0.4486,"[{""type"":""FF"",""prob"":0.4486},{""type"":""FS"",""prob"":0.1745},{""type"":""SL"",""prob"":0.1488}]",FF,12,95.9,True,0.3708,0.8015
2026-04-20T00:08:06Z,3,top,671739,Michael Harris II,691725,Andrew Painter,1,1,empty,0,FF,0.4486,"[{""type"":""FF"",""prob"":0.4486},{""type"":""FS"",""prob"":0.1745},{""type"":""SL"",""prob"":0.1488}]",ST,3,80.1,False,1.1592,2.9105
2026-04-20T00:08:55Z,3,top,660670,Ronald Acuña Jr.,691725,Andrew Painter,0,0,empty,0,FF,0.3485,"[{""type"":""FF"",""prob"":0.3485},{""type"":""SI"",""prob"":0.2145},{""type"":""SL"",""prob"":0.1635}]",SI,11,95.0,False,0.7882,1.5394
2026-04-20T00:09:07Z,3,top,660670,Ronald Acuña Jr.,691725,Andrew Painter,0,1,empty,0,FF,0.3347,"[{""type"":""FF"",""prob"":0.3347},{""type"":""ST"",""prob"":0.1861},{""type"":""SL"",""prob"":0.1479}]",SI,4,95.3,False,0.9133,1.923
2026-04-20T00:09:31Z,3,top,660670,Ronald Acuña Jr.,691725,Andrew Painter,0,2,empty,0,FF,0.3164,"[{""type"":""FF"",""prob"":0.3164},{""type"":""SI"",""prob"":0.1989},{""type"":""ST"",""prob"":0.1695}]",FF,12,96.2,True,0.5652,1.1507
2026-04-20T00:09:43Z,3,top,660670,Ronald Acuña Jr.,691725,Andrew Painter,1,2,empty,0,FF,0.3512,"[{""type"":""FF"",""prob"":0.3512},{""type"":""SI"",""prob"":0.2092},{""type"":""ST"",""prob"":0.1525}]",SL,14,89.3,False,1.01,2.2836
2026-04-20T00:09:55Z,3,top,660670,Ronald Acuña Jr.,691725,Andrew Painter,2,2,empty,0,FF,0.4309,"[{""type"":""FF"",""prob"":0.4309},{""type"":""SI"",""prob"":0.1773},{""type"":""SL"",""prob"":0.1472}]",SI,11,94.8,False,0.9005,1.7298
2026-04-20T00:10:19Z,3,top,686948,Drake Baldwin,691725,Andrew Painter,0,0,empty,1,FF,0.4947,"[{""type"":""FF"",""prob"":0.4947},{""type"":""FS"",""prob"":0.1467},{""type"":""SI"",""prob"":0.1405}]",FF,3,95.8,True,0.3095,0.7038
2026-04-20T00:10:56Z,3,top,686948,Drake Baldwin,691725,Andrew Painter,0,1,empty,1,FF,0.4963,"[{""type"":""FF"",""prob"":0.4963},{""type"":""FS"",""prob"":0.1704},{""type"":""SL"",""prob"":0.1245}]",CU,14,81.4,False,1.2034,3.0039
2026-04-20T00:10:56Z,3,top,686948,Drake Baldwin,691725,Andrew Painter,0,1,empty,1,FF,0.4963,"[{""type"":""FF"",""prob"":0.4963},{""type"":""FS"",""prob"":0.1704},{""type"":""SL"",""prob"":0.1245}]",FF,3,95.3,True,0.31,0.7006
2026-04-20T00:11:32Z,3,top,621566,Matt Olson,691725,Andrew Painter,0,0,empty,2,FF,0.5115,"[{""type"":""FF"",""prob"":0.5115},{""type"":""FS"",""prob"":0.1539},{""type"":""SL"",""prob"":0.097}]",CU,8,79.6,False,1.1453,2.4899
2026-04-20T00:11:56Z,3,top,621566,Matt Olson,691725,Andrew Painter,0,1,empty,2,FF,0.4775,"[{""type"":""FF"",""prob"":0.4775},{""type"":""FS"",""prob"":0.1741},{""type"":""CU"",""prob"":0.114}]",FF,13,95.1,True,0.3315,0.7392
2026-04-20T00:12:08Z,3,top,621566,Matt Olson,691725,Andrew Painter,1,1,empty,2,FF,0.5095,"[{""type"":""FF"",""prob"":0.5095},{""type"":""FS"",""prob"":0.1773},{""type"":""SL"",""prob"":0.1056}]",FS,4,87.1,False,0.9591,1.7301
2026-04-20T00:12:20Z,3,top,621566,Matt Olson,691725,Andrew Painter,1,2,empty,2,FF,0.472,"[{""type"":""FF"",""prob"":0.472},{""type"":""FS"",""prob"":0.1569},{""type"":""CU"",""prob"":0.1052}]",SL,14,82.8,False,1.0693,2.2546
2026-04-20T00:14:58Z,3,bottom,607208,Trea Turner,656550,Grant Holmes,0,0,empty,0,SL,0.3548,"[{""type"":""SL"",""prob"":0.3548},{""type"":""FF"",""prob"":0.285},{""type"":""CU"",""prob"":0.1146}]",FF,2,94.8,False,0.6716,1.2551
2026-04-20T00:15:22Z,3,bottom,607208,Trea Turner,656550,Grant Holmes,0,1,empty,0,SL,0.3912,"[{""type"":""SL"",""prob"":0.3912},{""type"":""FF"",""prob"":0.3309},{""type"":""CU"",""prob"":0.128}]",SI,11,92.2,False,1.19,3.0333
2026-04-20T00:15:34Z,3,bottom,607208,Trea Turner,656550,Grant Holmes,1,1,empty,0,SL,0.3529,"[{""type"":""SL"",""prob"":0.3529},{""type"":""FF"",""prob"":0.3186},{""type"":""CU"",""prob"":0.1125}]",CU,13,83.4,False,1.0308,2.1852
2026-04-20T00:15:58Z,3,bottom,607208,Trea Turner,656550,Grant Holmes,2,1,empty,0,SL,0.3401,"[{""type"":""SL"",""prob"":0.3401},{""type"":""FF"",""prob"":0.2896},{""type"":""SI"",""prob"":0.1417}]",SI,7,93.6,False,0.9589,1.9542
2026-04-20T00:16:22Z,3,bottom,656941,Kyle Schwarber,656550,Grant Holmes,0,0,empty,1,SL,0.2957,"[{""type"":""SL"",""prob"":0.2957},{""type"":""FF"",""prob"":0.2522},{""type"":""CU"",""prob"":0.2004}]",SL,14,84.0,True,0.6207,1.2185
2026-04-20T00:16:47Z,3,bottom,656941,Kyle Schwarber,656550,Grant Holmes,1,0,empty,1,SL,0.3102,"[{""type"":""SL"",""prob"":0.3102},{""type"":""FF"",""prob"":0.2826},{""type"":""CU"",""prob"":0.1801}]",FF,2,95.3,False,0.6612,1.2636
2026-04-20T00:17:11Z,3,bottom,547180,Bryce Harper,656550,Grant Holmes,0,0,empty,2,SL,0.3025,"[{""type"":""SL"",""prob"":0.3025},{""type"":""FF"",""prob"":0.2748},{""type"":""CU"",""prob"":0.1805}]",CU,13,83.9,False,0.8585,1.712
2026-04-20T00:17:35Z,3,bottom,547180,Bryce Harper,656550,Grant Holmes,0,1,empty,2,SL,0.3376,"[{""type"":""SL"",""prob"":0.3376},{""type"":""FF"",""prob"":0.2749},{""type"":""CU"",""prob"":0.208}]",CU,14,83.9,False,0.8272,1.5702
2026-04-20T00:17:59Z,3,bottom,547180,Bryce Harper,656550,Grant Holmes,0,2,empty,2,SL,0.3864,"[{""type"":""SL"",""prob"":0.3864},{""type"":""FF"",""prob"":0.2555},{""type"":""CU"",""prob"":0.1815}]",CU,13,84.5,False,0.895,1.7066
2026-04-20T00:18:23Z,3,bottom,547180,Bryce Harper,656550,Grant Holmes,1,2,empty,2,SL,0.3526,"[{""type"":""SL"",""prob"":0.3526},{""type"":""FF"",""prob"":0.2718},{""type"":""CU"",""prob"":0.202}]",FF,4,95.8,False,0.7055,1.3028
2026-04-20T00:19:12Z,3,bottom,666969,Adolis García,656550,Grant Holmes,0,0,1B,2,SL,0.3462,"[{""type"":""SL"",""prob"":0.3462},{""type"":""FF"",""prob"":0.2199},{""type"":""SI"",""prob"":0.1901}]",SI,5,94.8,False,0.846,1.6602
2026-04-20T00:19:48Z,3,bottom,666969,Adolis García,656550,Grant Holmes,0,1,1B,2,SL,0.3607,"[{""type"":""SL"",""prob"":0.3607},{""type"":""FF"",""prob"":0.2531},{""type"":""CU"",""prob"":0.1639}]",SL,14,85.2,True,0.5219,1.0197
2026-04-20T00:20:00Z,3,bottom,666969,Adolis García,656550,Grant Holmes,0,2,1B,2,SL,0.4339,"[{""type"":""SL"",""prob"":0.4339},{""type"":""FF"",""prob"":0.2237},{""type"":""CU"",""prob"":0.139}]",SL,14,84.9,True,0.4074,0.835
2026-04-20T00:20:37Z,3,bottom,666969,Adolis García,656550,Grant Holmes,1,2,1B,2,SL,0.4069,"[{""type"":""SL"",""prob"":0.4069},{""type"":""FF"",""prob"":0.2196},{""type"":""CU"",""prob"":0.1376}]",FF,11,94.6,False,0.8161,1.516
2026-04-20T00:20:49Z,3,bottom,666969,Adolis García,656550,Grant Holmes,2,2,1B,2,SL,0.4258,"[{""type"":""SL"",""prob"":0.4258},{""type"":""FF"",""prob"":0.2129},{""type"":""CU"",""prob"":0.1403}]",SL,14,85.7,True,0.4145,0.8539
2026-04-20T00:21:13Z,3,bottom,666969,Adolis García,656550,Grant Holmes,3,2,1B,2,SL,0.3846,"[{""type"":""SL"",""prob"":0.3846},{""type"":""FF"",""prob"":0.2313},{""type"":""SI"",""prob"":0.1482}]",CU,7,84.4,False,1.0287,2.2316
2026-04-20T00:23:50Z,4,top,663586,Austin Riley,691725,Andrew Painter,0,0,empty,0,SI,0.3199,"[{""type"":""SI"",""prob"":0.3199},{""type"":""FF"",""prob"":0.2686},{""type"":""SL"",""prob"":0.1543}]",SL,1,80.6,False,0.9083,1.8686
2026-04-20T00:24:26Z,4,top,645277,Ozzie Albies,691725,Andrew Painter,0,0,empty,1,FF,0.4896,"[{""type"":""FF"",""prob"":0.4896},{""type"":""FS"",""prob"":0.1433},{""type"":""SL"",""prob"":0.1173}]",CU,8,79.2,False,1.0917,2.2955
2026-04-20T00:24:38Z,4,top,645277,Ozzie Albies,691725,Andrew Painter,0,1,empty,1,FF,0.4489,"[{""type"":""FF"",""prob"":0.4489},{""type"":""FS"",""prob"":0.178},{""type"":""CU"",""prob"":0.1137}]",CU,4,80.0,False,1.0387,2.174
2026-04-20T00:25:03Z,4,top,645277,Ozzie Albies,691725,Andrew Painter,0,2,empty,1,FF,0.4144,"[{""type"":""FF"",""prob"":0.4144},{""type"":""SL"",""prob"":0.1474},{""type"":""FS"",""prob"":0.1413}]",SL,14,87.3,False,0.9479,1.9147
2026-04-20T00:25:15Z,4,top,645277,Ozzie Albies,691725,Andrew Painter,1,2,empty,1,FF,0.414,"[{""type"":""FF"",""prob"":0.414},{""type"":""SL"",""prob"":0.152},{""type"":""CU"",""prob"":0.1352}]",SL,8,87.3,False,0.9372,1.8838
2026-04-20T00:25:52Z,4,top,645277,Ozzie Albies,691725,Andrew Painter,1,2,empty,1,FF,0.4042,"[{""type"":""FF"",""prob"":0.4042},{""type"":""SL"",""prob"":0.1816},{""type"":""CU"",""prob"":0.1376}]",FF,11,95.6,True,0.4327,0.9059
2026-04-20T00:26:04Z,4,top,645277,Ozzie Albies,691725,Andrew Painter,2,2,empty,1,FF,0.478,"[{""type"":""FF"",""prob"":0.478},{""type"":""SL"",""prob"":0.1634},{""type"":""SI"",""prob"":0.1172}]",FS,11,86.8,False,1.0841,2.284
2026-04-20T00:26:16Z,4,top,645277,Ozzie Albies,691725,Andrew Painter,3,2,empty,1,FF,0.4555,"[{""type"":""FF"",""prob"":0.4555},{""type"":""SI"",""prob"":0.1567},{""type"":""SL"",""prob"":0.1476}]",CU,11,80.1,False,1.1207,2.5878
2026-04-20T00:26:52Z,4,top,573262,Mike Yastrzemski,691725,Andrew Painter,0,0,1B,1,FF,0.4612,"[{""type"":""FF"",""prob"":0.4612},{""type"":""FS"",""prob"":0.15},{""type"":""CU"",""prob"":0.121}]",SL,11,85.7,False,1.0714,2.3005
2026-04-20T00:27:16Z,4,top,573262,Mike Yastrzemski,691725,Andrew Painter,1,0,1B,1,FF,0.4974,"[{""type"":""FF"",""prob"":0.4974},{""type"":""SL"",""prob"":0.1446},{""type"":""FS"",""prob"":0.1311}]",FF,1,93.5,True,0.3065,0.6983
2026-04-20T00:27:28Z,4,top,573262,Mike Yastrzemski,691725,Andrew Painter,1,1,1B,1,FF,0.4455,"[{""type"":""FF"",""prob"":0.4455},{""type"":""SL"",""prob"":0.1993},{""type"":""FS"",""prob"":0.1365}]",FS,8,84.8,False,0.9986,1.9914
2026-04-20T00:28:05Z,4,top,573262,Mike Yastrzemski,691725,Andrew Painter,1,2,1B,1,FF,0.4329,"[{""type"":""FF"",""prob"":0.4329},{""type"":""SL"",""prob"":0.1643},{""type"":""FS"",""prob"":0.1473}]",SL,9,87.1,False,0.9286,1.8061
2026-04-20T00:28:53Z,4,top,642086,Dominic Smith,691725,Andrew Painter,0,0,"2B,3B",1,FF,0.5145,"[{""type"":""FF"",""prob"":0.5145},{""type"":""SL"",""prob"":0.1463},{""type"":""FS"",""prob"":0.1209}]",SL,5,87.0,False,1.0239,1.9224
2026-04-20T00:29:05Z,4,top,642086,Dominic Smith,691725,Andrew Painter,0,1,"2B,3B",1,FF,0.4792,"[{""type"":""FF"",""prob"":0.4792},{""type"":""SL"",""prob"":0.173},{""type"":""FS"",""prob"":0.1607}]",FS,4,86.3,False,0.9736,1.828
2026-04-20T00:29:42Z,4,top,642086,Dominic Smith,691725,Andrew Painter,0,2,"2B,3B",1,FF,0.417,"[{""type"":""FF"",""prob"":0.417},{""type"":""SL"",""prob"":0.2122},{""type"":""FS"",""prob"":0.1801}]",FS,14,87.5,False,0.9016,1.7141
2026-04-20T00:30:06Z,4,top,642086,Dominic Smith,691725,Andrew Painter,1,2,"2B,3B",1,FF,0.4431,"[{""type"":""FF"",""prob"":0.4431},{""type"":""FS"",""prob"":0.1742},{""type"":""SL"",""prob"":0.1612}]",SI,12,96.0,False,1.1096,2.5446
2026-04-20T00:30:43Z,4,top,642086,Dominic Smith,691725,Andrew Painter,2,2,"2B,3B",1,FF,0.4765,"[{""type"":""FF"",""prob"":0.4765},{""type"":""SL"",""prob"":0.1764},{""type"":""FS"",""prob"":0.1294}]",CU,8,81.3,False,1.1597,2.7192
2026-04-20T00:31:07Z,4,top,642086,Dominic Smith,691725,Andrew Painter,2,2,"2B,3B",1,FF,0.4763,"[{""type"":""FF"",""prob"":0.4763},{""type"":""SL"",""prob"":0.1642},{""type"":""FS"",""prob"":0.1272}]",FF,12,96.9,True,0.3358,0.7417
2026-04-20T00:31:31Z,4,top,642086,Dominic Smith,691725,Andrew Painter,2,2,"2B,3B",1,FF,0.5075,"[{""type"":""FF"",""prob"":0.5075},{""type"":""SL"",""prob"":0.1407},{""type"":""FS"",""prob"":0.1289}]",FS,7,87.0,False,1.0533,2.0488
2026-04-20T00:32:08Z,4,top,643289,Mauricio Dubón,691725,Andrew Painter,0,0,"2B,3B",2,FF,0.427,"[{""type"":""FF"",""prob"":0.427},{""type"":""SI"",""prob"":0.1464},{""type"":""SL"",""prob"":0.1308}]",ST,9,81.5,False,1.1129,2.7055
2026-04-20T00:32:32Z,4,top,643289,Mauricio Dubón,691725,Andrew Painter,0,1,"2B,3B",2,FF,0.4182,"[{""type"":""FF"",""prob"":0.4182},{""type"":""FS"",""prob"":0.1893},{""type"":""SI"",""prob"":0.1092}]",SI,1,93.3,False,1.0284,2.2147
2026-04-20T00:35:09Z,4,bottom,669016,Brandon Marsh,656550,Grant Holmes,0,0,empty,0,FF,0.2841,"[{""type"":""FF"",""prob"":0.2841},{""type"":""CU"",""prob"":0.246},{""type"":""SL"",""prob"":0.2248}]",FF,1,93.9,True,0.6435,1.2583
2026-04-20T00:35:34Z,4,bottom,669016,Brandon Marsh,656550,Grant Holmes,0,1,empty,0,CU,0.2744,"[{""type"":""CU"",""prob"":0.2744},{""type"":""FF"",""prob"":0.2638},{""type"":""SL"",""prob"":0.2579}]",FF,5,93.7,False,0.697,1.3327
2026-04-20T00:35:58Z,4,bottom,664761,Alec Bohm,656550,Grant Holmes,0,0,empty,1,SL,0.361,"[{""type"":""SL"",""prob"":0.361},{""type"":""FF"",""prob"":0.2227},{""type"":""SI"",""prob"":0.2116}]",SL,13,83.6,True,0.5209,1.0188
2026-04-20T00:36:10Z,4,bottom,664761,Alec Bohm,656550,Grant Holmes,1,0,empty,1,SL,0.2759,"[{""type"":""SL"",""prob"":0.2759},{""type"":""FF"",""prob"":0.2515},{""type"":""SI"",""prob"":0.2111}]",FF,6,94.7,False,0.7056,1.3804
2026-04-20T00:36:46Z,4,bottom,664761,Alec Bohm,656550,Grant Holmes,1,1,empty,1,SL,0.4447,"[{""type"":""SL"",""prob"":0.4447},{""type"":""FF"",""prob"":0.2234},{""type"":""SI"",""prob"":0.1319}]",SI,8,93.4,False,1.0194,2.0257
2026-04-20T00:36:46Z,4,bottom,664761,Alec Bohm,656550,Grant Holmes,1,1,empty,1,SL,0.4447,"[{""type"":""SL"",""prob"":0.4447},{""type"":""FF"",""prob"":0.2234},{""type"":""SI"",""prob"":0.1319}]",CU,14,85.4,False,1.0307,2.0693
2026-04-20T00:37:35Z,4,bottom,681082,Bryson Stott,656550,Grant Holmes,0,0,empty,2,CU,0.266,"[{""type"":""CU"",""prob"":0.266},{""type"":""FF"",""prob"":0.2539},{""type"":""SL"",""prob"":0.2045}]",FF,5,93.8,False,0.6937,1.3707
2026-04-20T00:37:35Z,4,bottom,681082,Bryson Stott,656550,Grant Holmes,0,0,empty,2,CU,0.266,"[{""type"":""CU"",""prob"":0.266},{""type"":""FF"",""prob"":0.2539},{""type"":""SL"",""prob"":0.2045}]",CH,13,91.7,False,1.0632,2.6709
2026-04-20T00:40:24Z,5,top,671739,Michael Harris II,691725,Andrew Painter,0,0,empty,0,FF,0.4128,"[{""type"":""FF"",""prob"":0.4128},{""type"":""FS"",""prob"":0.1504},{""type"":""CU"",""prob"":0.1447}]",FF,12,95.5,True,0.4136,0.8848
2026-04-20T00:40:36Z,5,top,671739,Michael Harris II,691725,Andrew Painter,1,0,empty,0,FF,0.5446,"[{""type"":""FF"",""prob"":0.5446},{""type"":""FS"",""prob"":0.1346},{""type"":""SI"",""prob"":0.1002}]",FS,14,86.1,False,1.0703,2.0052
2026-04-20T00:40:49Z,5,top,671739,Michael Harris II,691725,Andrew Painter,1,1,empty,0,FF,0.4771,"[{""type"":""FF"",""prob"":0.4771},{""type"":""FS"",""prob"":0.1817},{""type"":""SL"",""prob"":0.1265}]",FS,8,86.1,False,0.9267,1.7054
2026-04-20T00:42:38Z,5,top,660670,Ronald Acuña Jr.,691725,Andrew Painter,0,0,1B,0,SI,0.2864,"[{""type"":""SI"",""prob"":0.2864},{""type"":""FF"",""prob"":0.2686},{""type"":""SL"",""prob"":0.1705}]",SI,11,93.2,True,0.6303,1.2504
2026-04-20T00:43:02Z,5,top,660670,Ronald Acuña Jr.,691725,Andrew Painter,1,0,1B,0,SI,0.3502,"[{""type"":""SI"",""prob"":0.3502},{""type"":""FF"",""prob"":0.2792},{""type"":""SL"",""prob"":0.149}]",SL,14,81.7,False,0.94,1.9036
2026-04-20T00:43:26Z,5,top,660670,Ronald Acuña Jr.,691725,Andrew Painter,2,0,1B,0,SI,0.3572,"[{""type"":""SI"",""prob"":0.3572},{""type"":""FF"",""prob"":0.3462},{""type"":""SL"",""prob"":0.1314}]",SI,7,92.7,True,0.558,1.0295
2026-04-20T00:46:27Z,5,top,686948,Drake Baldwin,641835,Tim Mayza,0,0,"1B,2B",0,FF,0.1862,"[{""type"":""FF"",""prob"":0.1862},{""type"":""SI"",""prob"":0.1609},{""type"":""FC"",""prob"":0.1384}]",SL,13,87.3,False,1.0276,3.2231
2026-04-20T00:46:40Z,5,top,686948,Drake Baldwin,641835,Tim Mayza,1,0,"1B,2B",0,FF,0.2507,"[{""type"":""FF"",""prob"":0.2507},{""type"":""SL"",""prob"":0.2086},{""type"":""SI"",""prob"":0.1917}]",SI,13,93.5,False,0.7822,1.6521
2026-04-20T00:47:16Z,5,top,686948,Drake Baldwin,641835,Tim Mayza,2,0,"1B,2B",0,SI,0.5071,"[{""type"":""SI"",""prob"":0.5071},{""type"":""FF"",""prob"":0.2365},{""type"":""CH"",""prob"":0.055}]",SI,8,92.9,True,0.3097,0.6791
2026-04-20T00:47:28Z,5,top,686948,Drake Baldwin,641835,Tim Mayza,2,1,"1B,2B",0,SI,0.485,"[{""type"":""SI"",""prob"":0.485},{""type"":""SL"",""prob"":0.1537},{""type"":""FF"",""prob"":0.1446}]",SL,13,87.4,False,0.9804,1.8727
2026-04-20T00:47:52Z,5,top,686948,Drake Baldwin,641835,Tim Mayza,3,1,"1B,2B",0,SI,0.5196,"[{""type"":""SI"",""prob"":0.5196},{""type"":""SL"",""prob"":0.2219},{""type"":""FF"",""prob"":0.154}]",SI,14,93.0,True,0.3067,0.6546
2026-04-20T00:48:29Z,5,top,621566,Matt Olson,641835,Tim Mayza,0,0,"1B,2B,3B",0,SI,0.5042,"[{""type"":""SI"",""prob"":0.5042},{""type"":""SL"",""prob"":0.2473},{""type"":""FF"",""prob"":0.0877}]",SI,7,94.8,True,0.3201,0.6848
2026-04-20T00:48:29Z,5,top,621566,Matt Olson,641835,Tim Mayza,0,0,"1B,2B,3B",0,SI,0.5042,"[{""type"":""SI"",""prob"":0.5042},{""type"":""SL"",""prob"":0.2473},{""type"":""FF"",""prob"":0.0877}]",SI,9,95.4,True,0.3201,0.6848
2026-04-20T00:49:05Z,5,top,621566,Matt Olson,641835,Tim Mayza,0,2,"1B,2B,3B",0,SI,0.5979,"[{""type"":""SI"",""prob"":0.5979},{""type"":""SL"",""prob"":0.1781},{""type"":""FF"",""prob"":0.0734}]",SI,14,96.5,True,0.2029,0.5144
2026-04-20T00:49:29Z,5,top,621566,Matt Olson,641835,Tim Mayza,1,2,"1B,2B,3B",0,SI,0.629,"[{""type"":""SI"",""prob"":0.629},{""type"":""SL"",""prob"":0.1585},{""type"":""FF"",""prob"":0.0865}]",SL,13,89.7,False,1.1146,1.842
2026-04-20T00:49:53Z,5,top,621566,Matt Olson,641835,Tim Mayza,2,2,"1B,2B,3B",0,SI,0.5842,"[{""type"":""SI"",""prob"":0.5842},{""type"":""SL"",""prob"":0.2426},{""type"":""FF"",""prob"":0.0932}]",SL,7,88.7,False,0.9253,1.4164
2026-04-20T00:50:30Z,5,top,663586,Austin Riley,641835,Tim Mayza,0,0,"1B,3B",1,SI,0.5905,"[{""type"":""SI"",""prob"":0.5905},{""type"":""SL"",""prob"":0.1229},{""type"":""FF"",""prob"":0.0776}]",SI,8,94.1,True,0.1977,0.5268
2026-04-20T00:51:18Z,5,top,645277,Ozzie Albies,641835,Tim Mayza,0,0,"1B,2B",1,SI,0.6105,"[{""type"":""SI"",""prob"":0.6105},{""type"":""SL"",""prob"":0.1351},{""type"":""CH"",""prob"":0.0816}]",SI,12,94.8,True,0.1847,0.4935
2026-04-20T00:51:30Z,5,top,645277,Ozzie Albies,641835,Tim Mayza,1,0,"1B,2B",1,SI,0.6508,"[{""type"":""SI"",""prob"":0.6508},{""type"":""SL"",""prob"":0.167},{""type"":""FF"",""prob"":0.0731}]",SI,12,94.0,True,0.1589,0.4296
2026-04-20T00:51:54Z,5,top,645277,Ozzie Albies,641835,Tim Mayza,1,1,"1B,2B",1,SI,0.6388,"[{""type"":""SI"",""prob"":0.6388},{""type"":""SL"",""prob"":0.1746},{""type"":""FF"",""prob"":0.0783}]",SI,2,94.6,True,0.1708,0.4481
2026-04-20T00:52:19Z,5,top,645277,Ozzie Albies,641835,Tim Mayza,1,2,"1B,2B",1,SI,0.6529,"[{""type"":""SI"",""prob"":0.6529},{""type"":""SL"",""prob"":0.1466},{""type"":""CH"",""prob"":0.0629}]",SL,13,88.1,False,1.1635,1.9197
2026-04-20T00:52:43Z,5,top,645277,Ozzie Albies,641835,Tim Mayza,2,2,"1B,2B",1,SI,0.5968,"[{""type"":""SI"",""prob"":0.5968},{""type"":""SL"",""prob"":0.2085},{""type"":""FF"",""prob"":0.0893}]",SI,8,95.0,True,0.2177,0.5161
2026-04-20T00:53:31Z,5,top,573262,Mike Yastrzemski,641835,Tim Mayza,0,0,"2B,3B",1,SI,0.5893,"[{""type"":""SI"",""prob"":0.5893},{""type"":""SL"",""prob"":0.2853},{""type"":""FF"",""prob"":0.0401}]",SI,9,94.7,True,0.2536,0.5288
2026-04-20T00:53:56Z,5,top,573262,Mike Yastrzemski,641835,Tim Mayza,0,1,"2B,3B",1,SI,0.6079,"[{""type"":""SI"",""prob"":0.6079},{""type"":""SL"",""prob"":0.2487},{""type"":""FF"",""prob"":0.0567}]",SI,8,95.1,True,0.2205,0.4978
2026-04-20T00:54:20Z,5,top,573262,Mike Yastrzemski,641835,Tim Mayza,0,2,"2B,3B",1,SI,0.6149,"[{""type"":""SI"",""prob"":0.6149},{""type"":""SL"",""prob"":0.2656},{""type"":""FF"",""prob"":0.0445}]",SI,1,95.7,True,0.2222,0.4863
2026-04-20T00:55:08Z,5,top,642086,Dominic Smith,641835,Tim Mayza,0,0,"2B,3B",2,SI,0.636,"[{""type"":""SI"",""prob"":0.636},{""type"":""SL"",""prob"":0.2414},{""type"":""FF"",""prob"":0.0359}]",SL,13,89.5,False,0.9829,1.4212
2026-04-20T00:55:20Z,5,top,642086,Dominic Smith,641835,Tim Mayza,1,0,"2B,3B",2,SI,0.5922,"[{""type"":""SI"",""prob"":0.5922},{""type"":""SL"",""prob"":0.3165},{""type"":""FF"",""prob"":0.0412}]",SI,1,94.8,True,0.2689,0.5239
2026-04-20T00:55:44Z,5,top,642086,Dominic Smith,641835,Tim Mayza,1,1,"2B,3B",2,SI,0.6005,"[{""type"":""SI"",""prob"":0.6005},{""type"":""SL"",""prob"":0.2958},{""type"":""FF"",""prob"":0.0368}]",SI,13,94.1,True,0.2494,0.51
2026-04-20T00:55:56Z,5,top,642086,Dominic Smith,641835,Tim Mayza,2,1,"2B,3B",2,SI,0.6457,"[{""type"":""SI"",""prob"":0.6457},{""type"":""SL"",""prob"":0.2676},{""type"":""FF"",""prob"":0.0393}]",SI,5,94.5,True,0.1993,0.4374
2026-04-20T00:56:21Z,5,top,642086,Dominic Smith,641835,Tim Mayza,2,2,"2B,3B",2,SI,0.6309,"[{""type"":""SI"",""prob"":0.6309},{""type"":""SL"",""prob"":0.276},{""type"":""FF"",""prob"":0.0406}]",SI,7,95.1,True,0.2148,0.4606
2026-04-20T00:56:57Z,5,top,642086,Dominic Smith,641835,Tim Mayza,2,2,"2B,3B",2,SI,0.6269,"[{""type"":""SI"",""prob"":0.6269},{""type"":""SL"",""prob"":0.2834},{""type"":""FF"",""prob"":0.0371}]",SL,9,88.2,False,0.9088,1.2607
2026-04-20T00:57:33Z,5,top,642086,Dominic Smith,641835,Tim Mayza,2,2,"2B,3B",2,SI,0.6349,"[{""type"":""SI"",""prob"":0.6349},{""type"":""SL"",""prob"":0.2801},{""type"":""FF"",""prob"":0.0357}]",SI,4,96.1,True,0.2138,0.4543
2026-04-20T01:00:23Z,5,top,665561,,656550,Grant Holmes,0,0,empty,0,SL,0.2975,"[{""type"":""SL"",""prob"":0.2975},{""type"":""FF"",""prob"":0.2576},{""type"":""SI"",""prob"":0.2093}]",FF,11,94.0,False,0.7109,1.3564
2026-04-20T01:00:47Z,5,bottom,665561,Rafael Marchán,656550,Grant Holmes,1,0,empty,0,FF,0.3287,"[{""type"":""FF"",""prob"":0.3287},{""type"":""CU"",""prob"":0.2049},{""type"":""SL"",""prob"":0.2006}]",FF,11,94.0,True,0.5564,1.1126
2026-04-20T01:00:47Z,5,bottom,665561,Rafael Marchán,656550,Grant Holmes,1,0,empty,0,FF,0.3287,"[{""type"":""FF"",""prob"":0.3287},{""type"":""CU"",""prob"":0.2049},{""type"":""SL"",""prob"":0.2006}]",SL,8,83.8,False,0.8127,1.6067
2026-04-20T01:01:11Z,5,bottom,665561,Rafael Marchán,656550,Grant Holmes,1,2,empty,0,SL,0.3141,"[{""type"":""SL"",""prob"":0.3141},{""type"":""FF"",""prob"":0.2603},{""type"":""CU"",""prob"":0.2349}]",SL,14,85.8,True,0.6053,1.1579
2026-04-20T01:01:48Z,5,bottom,702222,Justin Crawford,656550,Grant Holmes,0,0,empty,1,FF,0.2539,"[{""type"":""FF"",""prob"":0.2539},{""type"":""SL"",""prob"":0.2307},{""type"":""CU"",""prob"":0.2285}]",SL,11,84.5,False,0.7344,1.4666
2026-04-20T01:02:00Z,5,bottom,702222,Justin Crawford,656550,Grant Holmes,1,0,empty,1,FF,0.2957,"[{""type"":""FF"",""prob"":0.2957},{""type"":""SL"",""prob"":0.2727},{""type"":""CU"",""prob"":0.1784}]",FF,8,93.6,True,0.6231,1.2184
2026-04-20T01:02:24Z,5,bottom,702222,Justin Crawford,656550,Grant Holmes,1,1,empty,1,SL,0.3188,"[{""type"":""SL"",""prob"":0.3188},{""type"":""FF"",""prob"":0.2534},{""type"":""CU"",""prob"":0.2209}]",SL,13,83.8,True,0.5912,1.143
2026-04-20T01:02:36Z,5,bottom,702222,Justin Crawford,656550,Grant Holmes,2,1,empty,1,SL,0.3329,"[{""type"":""SL"",""prob"":0.3329},{""type"":""FF"",""prob"":0.2625},{""type"":""CU"",""prob"":0.2023}]",FF,6,93.4,False,0.7099,1.3376
2026-04-20T01:03:12Z,5,bottom,607208,Trea Turner,656550,Grant Holmes,0,0,1B,1,SL,0.3201,"[{""type"":""SL"",""prob"":0.3201},{""type"":""FF"",""prob"":0.2013},{""type"":""SI"",""prob"":0.1969}]",CU,14,84.0,False,0.9826,2.1694
2026-04-20T01:03:25Z,5,bottom,607208,Trea Turner,656550,Grant Holmes,1,0,1B,1,FF,0.2479,"[{""type"":""FF"",""prob"":0.2479},{""type"":""SL"",""prob"":0.2389},{""type"":""SI"",""prob"":0.1936}]",SL,14,85.5,False,0.7182,1.4318
2026-04-20T01:03:49Z,5,bottom,607208,Trea Turner,656550,Grant Holmes,2,0,1B,1,FF,0.4181,"[{""type"":""FF"",""prob"":0.4181},{""type"":""SL"",""prob"":0.2694},{""type"":""SI"",""prob"":0.164}]",FF,3,94.8,True,0.4458,0.872
2026-04-20T01:04:13Z,5,bottom,607208,Trea Turner,656550,Grant Holmes,2,1,1B,1,SL,0.4032,"[{""type"":""SL"",""prob"":0.4032},{""type"":""FF"",""prob"":0.2289},{""type"":""SI"",""prob"":0.1605}]",FF,1,95.1,False,0.8022,1.4745
2026-04-20T01:04:37Z,5,bottom,607208,Trea Turner,656550,Grant Holmes,2,2,1B,1,SL,0.3734,"[{""type"":""SL"",""prob"":0.3734},{""type"":""FF"",""prob"":0.2477},{""type"":""CU"",""prob"":0.1802}]",SL,5,85.2,True,0.5012,0.985
2026-04-20T01:05:13Z,5,bottom,607208,Trea Turner,656550,Grant Holmes,2,2,1B,1,SL,0.3488,"[{""type"":""SL"",""prob"":0.3488},{""type"":""FF"",""prob"":0.27},{""type"":""CU"",""prob"":0.171}]",CU,11,84.4,False,0.8983,1.7661
2026-04-20T01:05:38Z,5,bottom,607208,Trea Turner,656550,Grant Holmes,3,2,1B,1,SL,0.374,"[{""type"":""SL"",""prob"":0.374},{""type"":""FF"",""prob"":0.2432},{""type"":""CU"",""prob"":0.1678}]",FF,4,94.9,False,0.7585,1.4139
2026-04-20T01:08:27Z,5,bottom,656941,Kyle Schwarber,607481,Aaron Bummer,0,0,1B,2,SI,0.2417,"[{""type"":""SI"",""prob"":0.2417},{""type"":""FF"",""prob"":0.2135},{""type"":""FC"",""prob"":0.144}]",SI,8,90.6,True,0.664,1.4199
2026-04-20T01:08:52Z,5,bottom,656941,Kyle Schwarber,607481,Aaron Bummer,0,1,1B,2,SI,0.408,"[{""type"":""SI"",""prob"":0.408},{""type"":""ST"",""prob"":0.1657},{""type"":""FF"",""prob"":0.1208}]",ST,6,80.3,False,0.8975,1.7974
2026-04-20T01:09:28Z,5,bottom,547180,Bryce Harper,607481,Aaron Bummer,0,0,"2B,3B",2,SI,0.3967,"[{""type"":""SI"",""prob"":0.3967},{""type"":""ST"",""prob"":0.3179},{""type"":""FF"",""prob"":0.1046}]",SI,6,91.4,True,0.4836,0.9246
2026-04-20T01:10:04Z,5,bottom,547180,Bryce Harper,607481,Aaron Bummer,0,1,"2B,3B",2,ST,0.3848,"[{""type"":""ST"",""prob"":0.3848},{""type"":""SI"",""prob"":0.3748},{""type"":""FF"",""prob"":0.0991}]",SI,7,90.0,False,0.553,0.9815
2026-04-20T01:10:16Z,5,bottom,547180,Bryce Harper,607481,Aaron Bummer,0,2,"2B,3B",2,SI,0.4142,"[{""type"":""SI"",""prob"":0.4142},{""type"":""ST"",""prob"":0.352},{""type"":""FC"",""prob"":0.0662}]",CU,13,79.2,False,1.2475,3.5238
2026-04-20T01:13:18Z,6,top,643289,Mauricio Dubón,663767,Chase Shugart,0,0,empty,0,FF,0.2124,"[{""type"":""FF"",""prob"":0.2124},{""type"":""SI"",""prob"":0.1518},{""type"":""FC"",""prob"":0.1155}]",FC,3,91.0,False,0.8774,2.1588
2026-04-20T01:13:18Z,6,top,643289,Mauricio Dubón,663767,Chase Shugart,0,0,empty,0,FF,0.2124,"[{""type"":""FF"",""prob"":0.2124},{""type"":""SI"",""prob"":0.1518},{""type"":""FC"",""prob"":0.1155}]",ST,12,82.3,False,1.0064,2.977
2026-04-20T01:13:30Z,6,top,643289,Mauricio Dubón,663767,Chase Shugart,1,1,empty,0,FC,0.3214,"[{""type"":""FC"",""prob"":0.3214},{""type"":""ST"",""prob"":0.2699},{""type"":""FF"",""prob"":0.1475}]",SI,11,93.2,False,1.069,2.6499
2026-04-20T01:13:54Z,6,top,643289,Mauricio Dubón,663767,Chase Shugart,1,2,empty,0,SI,0.308,"[{""type"":""SI"",""prob"":0.308},{""type"":""FC"",""prob"":0.2595},{""type"":""ST"",""prob"":0.2045}]",FF,11,96.3,False,1.0408,2.4403
2026-04-20T01:14:06Z,6,top,643289,Mauricio Dubón,663767,Chase Shugart,1,2,empty,0,FC,0.2767,"[{""type"":""FC"",""prob"":0.2767},{""type"":""FF"",""prob"":0.225},{""type"":""SI"",""prob"":0.2146}]",ST,14,84.0,False,0.9043,1.9177
2026-04-20T01:14:18Z,6,top,643289,Mauricio Dubón,663767,Chase Shugart,2,2,empty,0,FF,0.2903,"[{""type"":""FF"",""prob"":0.2903},{""type"":""FC"",""prob"":0.232},{""type"":""ST"",""prob"":0.1983}]",SI,1,95.4,False,0.8396,1.674
2026-04-20T01:15:07Z,6,top,643289,Mauricio Dubón,663767,Chase Shugart,2,2,empty,0,SI,0.3193,"[{""type"":""SI"",""prob"":0.3193},{""type"":""ST"",""prob"":0.2048},{""type"":""FC"",""prob"":0.2017}]",FC,14,92.5,False,0.8217,1.6012
2026-04-20T01:15:19Z,6,top,643289,Mauricio Dubón,663767,Chase Shugart,3,2,empty,0,SI,0.3193,"[{""type"":""SI"",""prob"":0.3193},{""type"":""FC"",""prob"":0.2575},{""type"":""FF"",""prob"":0.182}]",FC,2,89.2,False,0.7159,1.3567
2026-04-20T01:15:31Z,6,top,643289,Mauricio Dubón,663767,Chase Shugart,3,2,empty,0,FC,0.3499,"[{""type"":""FC"",""prob"":0.3499},{""type"":""SI"",""prob"":0.2538},{""type"":""FF"",""prob"":0.1728}]",SI,1,96.3,False,0.7372,1.3713
2026-04-20T01:16:08Z,6,top,671739,Michael Harris II,663767,Chase Shugart,0,0,empty,1,FC,0.4452,"[{""type"":""FC"",""prob"":0.4452},{""type"":""SI"",""prob"":0.1957},{""type"":""FF"",""prob"":0.1201}]",FC,11,91.4,True,0.3772,0.8092
2026-04-20T01:16:20Z,6,top,671739,Michael Harris II,663767,Chase Shugart,1,0,empty,1,FC,0.5234,"[{""type"":""FC"",""prob"":0.5234},{""type"":""SI"",""prob"":0.1564},{""type"":""FF"",""prob"":0.1284}]",FF,6,96.8,False,1.0712,2.0528
2026-04-20T01:16:20Z,6,top,671739,Michael Harris II,663767,Chase Shugart,1,0,empty,1,FC,0.5234,"[{""type"":""FC"",""prob"":0.5234},{""type"":""SI"",""prob"":0.1564},{""type"":""FF"",""prob"":0.1284}]",CH,8,88.6,False,1.2223,2.9406
2026-04-20T01:17:08Z,6,top,660670,Ronald Acuña Jr.,663767,Chase Shugart,0,0,1B,1,SI,0.3352,"[{""type"":""SI"",""prob"":0.3352},{""type"":""FC"",""prob"":0.2878},{""type"":""ST"",""prob"":0.1714}]",FC,12,90.6,False,0.6714,1.2456
2026-04-20T01:17:20Z,6,top,660670,Ronald Acuña Jr.,663767,Chase Shugart,1,0,1B,1,FC,0.4047,"[{""type"":""FC"",""prob"":0.4047},{""type"":""SI"",""prob"":0.2375},{""type"":""FF"",""prob"":0.1799}]",ST,14,80.7,False,1.0336,2.1441
2026-04-20T01:17:44Z,6,top,660670,Ronald Acuña Jr.,663767,Chase Shugart,2,0,1B,1,FC,0.3815,"[{""type"":""FC"",""prob"":0.3815},{""type"":""SI"",""prob"":0.2724},{""type"":""FF"",""prob"":0.1943}]",FC,12,90.0,True,0.51,0.9638
2026-04-20T01:18:09Z,6,top,660670,Ronald Acuña Jr.,663767,Chase Shugart,2,1,1B,1,FC,0.3976,"[{""type"":""FC"",""prob"":0.3976},{""type"":""FF"",""prob"":0.1985},{""type"":""SI"",""prob"":0.1922}]",SI,12,94.7,False,0.877,1.6492
2026-04-20T01:18:21Z,6,top,660670,Ronald Acuña Jr.,663767,Chase Shugart,2,2,1B,1,FC,0.4064,"[{""type"":""FC"",""prob"":0.4064},{""type"":""SI"",""prob"":0.2143},{""type"":""FF"",""prob"":0.1631}]",SI,11,96.3,False,0.8351,1.5402
2026-04-20T01:18:57Z,6,top,660670,Ronald Acuña Jr.,663767,Chase Shugart,3,2,1B,1,FC,0.4132,"[{""type"":""FC"",""prob"":0.4132},{""type"":""SI"",""prob"":0.2429},{""type"":""FF"",""prob"":0.1567}]",FC,12,91.0,True,0.4463,0.8837
2026-04-20T01:20:10Z,6,top,686948,Drake Baldwin,663767,Chase Shugart,0,0,"1B,2B",1,FC,0.4546,"[{""type"":""FC"",""prob"":0.4546},{""type"":""FF"",""prob"":0.2002},{""type"":""CH"",""prob"":0.1366}]",SI,11,95.0,False,1.059,2.1896
2026-04-20T01:20:34Z,6,top,686948,Drake Baldwin,663767,Chase Shugart,0,1,"1B,2B",1,FC,0.3382,"[{""type"":""FC"",""prob"":0.3382},{""type"":""SI"",""prob"":0.225},{""type"":""FF"",""prob"":0.2173}]",FC,14,92.4,True,0.5548,1.0841
2026-04-20T01:23:24Z,6,top,621566,Matt Olson,679775,Kyle Backhus,0,0,"1B,3B",2,SI,0.2128,"[{""type"":""SI"",""prob"":0.2128},{""type"":""FF"",""prob"":0.1731},{""type"":""FC"",""prob"":0.1497}]",SI,3,92.0,True,0.6989,1.5475
2026-04-20T01:23:49Z,6,top,621566,Matt Olson,679775,Kyle Backhus,0,1,"1B,3B",2,SI,0.4542,"[{""type"":""SI"",""prob"":0.4542},{""type"":""ST"",""prob"":0.1648},{""type"":""FF"",""prob"":0.0889}]",SI,8,91.7,True,0.3504,0.7892
2026-04-20T01:24:13Z,6,top,621566,Matt Olson,679775,Kyle Backhus,0,2,"1B,3B",2,SI,0.567,"[{""type"":""SI"",""prob"":0.567},{""type"":""FC"",""prob"":0.0835},{""type"":""ST"",""prob"":0.0771}]",SI,1,91.9,True,0.2134,0.5673
2026-04-20T01:24:25Z,6,top,621566,Matt Olson,679775,Kyle Backhus,1,2,"1B,3B",2,SI,0.6244,"[{""type"":""SI"",""prob"":0.6244},{""type"":""FC"",""prob"":0.1043},{""type"":""ST"",""prob"":0.051}]",ST,13,82.0,False,1.3097,2.9766
2026-04-20T01:27:39Z,6,bottom,666969,Adolis García,641755,Tyler Kinley,0,0,empty,0,FF,0.2124,"[{""type"":""FF"",""prob"":0.2124},{""type"":""SI"",""prob"":0.1518},{""type"":""FC"",""prob"":0.1155}]",SL,6,86.9,False,1.0229,3.1536
2026-04-20T01:28:03Z,6,bottom,666969,Adolis García,641755,Tyler Kinley,0,1,empty,0,SL,0.2673,"[{""type"":""SL"",""prob"":0.2673},{""type"":""FF"",""prob"":0.2592},{""type"":""SI"",""prob"":0.1191}]",SL,14,87.2,True,0.6398,1.3194
2026-04-20T01:28:03Z,6,bottom,666969,Adolis García,641755,Tyler Kinley,0,1,empty,0,SL,0.2673,"[{""type"":""SL"",""prob"":0.2673},{""type"":""FF"",""prob"":0.2592},{""type"":""SI"",""prob"":0.1191}]",SL,6,87.1,True,0.6398,1.3194
2026-04-20T01:29:16Z,6,bottom,666969,Adolis García,641755,Tyler Kinley,1,2,empty,0,SL,0.4394,"[{""type"":""SL"",""prob"":0.4394},{""type"":""FF"",""prob"":0.1682},{""type"":""CU"",""prob"":0.1286}]",SL,14,87.3,True,0.3717,0.8224
2026-04-20T01:29:40Z,6,bottom,666969,Adolis García,641755,Tyler Kinley,2,2,empty,0,SL,0.5092,"[{""type"":""SL"",""prob"":0.5092},{""type"":""FF"",""prob"":0.1636},{""type"":""CU"",""prob"":0.1069}]",SL,14,88.1,True,0.2864,0.6749
2026-04-20T01:30:04Z,6,bottom,666969,Adolis García,641755,Tyler Kinley,3,2,empty,0,SL,0.488,"[{""type"":""SL"",""prob"":0.488},{""type"":""FF"",""prob"":0.1747},{""type"":""CU"",""prob"":0.0829}]",SL,14,88.0,True,0.3096,0.7175
2026-04-20T01:30:28Z,6,bottom,669016,Brandon Marsh,641755,Tyler Kinley,0,0,1B,0,SL,0.2447,"[{""type"":""SL"",""prob"":0.2447},{""type"":""FF"",""prob"":0.1435},{""type"":""FC"",""prob"":0.1309}]",SL,13,86.1,True,0.6489,1.4079
2026-04-20T01:31:05Z,6,bottom,669016,Brandon Marsh,641755,Tyler Kinley,1,0,1B,0,SL,0.6066,"[{""type"":""SL"",""prob"":0.6066},{""type"":""FF"",""prob"":0.1385},{""type"":""FC"",""prob"":0.0723}]",FF,11,95.2,False,1.1224,1.9772
2026-04-20T01:31:17Z,6,bottom,669016,Brandon Marsh,641755,Tyler Kinley,2,0,1B,0,SL,0.4196,"[{""type"":""SL"",""prob"":0.4196},{""type"":""FF"",""prob"":0.4038},{""type"":""CH"",""prob"":0.0402}]",SL,11,85.5,True,0.5054,0.8685
2026-04-20T01:31:41Z,6,bottom,669016,Brandon Marsh,641755,Tyler Kinley,3,0,1B,0,SL,0.5686,"[{""type"":""SL"",""prob"":0.5686},{""type"":""FF"",""prob"":0.3004},{""type"":""SI"",""prob"":0.0439}]",FF,2,92.9,False,0.8169,1.2026
2026-04-20T01:32:05Z,6,bottom,669016,Brandon Marsh,641755,Tyler Kinley,3,1,1B,0,SL,0.501,"[{""type"":""SL"",""prob"":0.501},{""type"":""FF"",""prob"":0.3473},{""type"":""SI"",""prob"":0.0435}]",SL,7,87.8,True,0.3751,0.6912
2026-04-20T01:32:42Z,6,bottom,664761,Alec Bohm,641755,Tyler Kinley,0,0,1B,1,SL,0.6211,"[{""type"":""SL"",""prob"":0.6211},{""type"":""FF"",""prob"":0.2105},{""type"":""SI"",""prob"":0.0453}]",FF,11,94.0,False,1.0148,1.5582
2026-04-20T01:36:07Z,6,bottom,681082,Bryson Stott,641755,Tyler Kinley,0,0,"1B,2B",1,SL,0.5706,"[{""type"":""SL"",""prob"":0.5706},{""type"":""FF"",""prob"":0.2401},{""type"":""CU"",""prob"":0.0609}]",FF,7,94.6,False,0.9103,1.4266
2026-04-20T01:36:32Z,6,bottom,681082,Bryson Stott,641755,Tyler Kinley,0,1,"1B,2B",1,SL,0.528,"[{""type"":""SL"",""prob"":0.528},{""type"":""FF"",""prob"":0.3168},{""type"":""CU"",""prob"":0.0497}]",CU,14,84.0,False,1.2847,3.002
2026-04-20T01:37:09Z,6,bottom,681082,Bryson Stott,641755,Tyler Kinley,0,2,"1B,2B",1,SL,0.4467,"[{""type"":""SL"",""prob"":0.4467},{""type"":""FF"",""prob"":0.2565},{""type"":""CU"",""prob"":0.2261}]",SL,6,88.1,True,0.4249,0.8059
2026-04-20T01:37:57Z,6,bottom,665561,Rafael Marchán,641755,Tyler Kinley,0,0,"1B,2B",2,SL,0.4749,"[{""type"":""SL"",""prob"":0.4749},{""type"":""FF"",""prob"":0.2298},{""type"":""CU"",""prob"":0.2139}]",SL,3,87.8,True,0.3762,0.7446
2026-04-20T01:38:09Z,6,bottom,665561,Rafael Marchán,641755,Tyler Kinley,0,1,"1B,2B",2,SL,0.4906,"[{""type"":""SL"",""prob"":0.4906},{""type"":""FF"",""prob"":0.2505},{""type"":""CU"",""prob"":0.2042}]",SL,8,88.4,True,0.365,0.7121
2026-04-20T01:38:46Z,6,bottom,665561,Rafael Marchán,641755,Tyler Kinley,0,2,"1B,2B",2,SL,0.5491,"[{""type"":""SL"",""prob"":0.5491},{""type"":""FF"",""prob"":0.2032},{""type"":""CU"",""prob"":0.1884}]",CU,7,84.7,False,1.0026,1.6691
2026-04-20T01:41:23Z,7,top,663586,Austin Riley,679775,Kyle Backhus,0,0,empty,0,SI,0.5056,"[{""type"":""SI"",""prob"":0.5056},{""type"":""ST"",""prob"":0.2174},{""type"":""FC"",""prob"":0.1144}]",SI,12,89.6,True,0.3105,0.6821
2026-04-20T01:41:36Z,7,top,663586,Austin Riley,679775,Kyle Backhus,1,0,empty,0,SI,0.5481,"[{""type"":""SI"",""prob"":0.5481},{""type"":""ST"",""prob"":0.1323},{""type"":""CH"",""prob"":0.117}]",ST,11,79.3,False,1.0783,2.0226
2026-04-20T01:41:48Z,7,top,663586,Austin Riley,679775,Kyle Backhus,2,0,empty,0,SI,0.5789,"[{""type"":""SI"",""prob"":0.5789},{""type"":""ST"",""prob"":0.1722},{""type"":""FC"",""prob"":0.0867}]",SI,3,88.7,True,0.223,0.5466
2026-04-20T01:42:00Z,7,top,663586,Austin Riley,679775,Kyle Backhus,2,1,empty,0,SI,0.5463,"[{""type"":""SI"",""prob"":0.5463},{""type"":""ST"",""prob"":0.2314},{""type"":""CH"",""prob"":0.057}]",SI,2,90.2,True,0.2691,0.6046
2026-04-20T01:42:24Z,7,top,663586,Austin Riley,679775,Kyle Backhus,2,2,empty,0,SI,0.554,"[{""type"":""SI"",""prob"":0.554},{""type"":""ST"",""prob"":0.2302},{""type"":""FC"",""prob"":0.0588}]",SI,9,91.0,True,0.2608,0.5906
2026-04-20T01:43:01Z,7,top,645277,Ozzie Albies,679775,Kyle Backhus,0,0,empty,1,SI,0.4615,"[{""type"":""SI"",""prob"":0.4615},{""type"":""ST"",""prob"":0.2519},{""type"":""FC"",""prob"":0.1055}]",ST,14,79.7,False,0.7937,1.3786
2026-04-20T01:43:01Z,7,top,645277,Ozzie Albies,679775,Kyle Backhus,0,0,empty,1,SI,0.4615,"[{""type"":""SI"",""prob"":0.4615},{""type"":""ST"",""prob"":0.2519},{""type"":""FC"",""prob"":0.1055}]",SI,12,91.1,True,0.3747,0.7733
2026-04-20T01:44:01Z,7,top,642201,Eli White,679775,Kyle Backhus,0,0,empty,2,SI,0.5345,"[{""type"":""SI"",""prob"":0.5345},{""type"":""ST"",""prob"":0.2538},{""type"":""CH"",""prob"":0.0737}]",ST,14,79.2,False,0.8529,1.371
2026-04-20T01:44:13Z,7,top,642201,Eli White,679775,Kyle Backhus,1,0,empty,2,SI,0.6152,"[{""type"":""SI"",""prob"":0.6152},{""type"":""ST"",""prob"":0.2323},{""type"":""CH"",""prob"":0.0537}]",SI,11,90.4,True,0.2073,0.4858
2026-04-20T01:44:26Z,7,top,642201,Eli White,679775,Kyle Backhus,2,0,empty,2,SI,0.7287,"[{""type"":""SI"",""prob"":0.7287},{""type"":""ST"",""prob"":0.1747},{""type"":""FC"",""prob"":0.0294}]",SI,8,90.5,True,0.1061,0.3165
2026-04-20T01:48:53Z,7,bottom,702222,Justin Crawford,669276,Dylan Lee,0,0,empty,0,SI,0.1946,"[{""type"":""SI"",""prob"":0.1946},{""type"":""FF"",""prob"":0.1816},{""type"":""FC"",""prob"":0.1557}]",SL,8,81.2,False,1.0241,3.0493
2026-04-20T01:49:05Z,7,bottom,702222,Justin Crawford,669276,Dylan Lee,0,1,empty,0,SL,0.3179,"[{""type"":""SL"",""prob"":0.3179},{""type"":""FF"",""prob"":0.2044},{""type"":""SI"",""prob"":0.1654}]",SL,1,83.1,True,0.5517,1.146
2026-04-20T01:49:17Z,7,bottom,702222,Justin Crawford,669276,Dylan Lee,0,2,empty,0,SL,0.4474,"[{""type"":""SL"",""prob"":0.4474},{""type"":""SI"",""prob"":0.1422},{""type"":""FF"",""prob"":0.1392}]",SL,1,83.7,True,0.3569,0.8044
2026-04-20T01:49:53Z,7,bottom,607208,Trea Turner,669276,Dylan Lee,0,0,empty,1,SL,0.2751,"[{""type"":""SL"",""prob"":0.2751},{""type"":""FF"",""prob"":0.1609},{""type"":""SI"",""prob"":0.14}]",SL,9,83.2,True,0.5907,1.2905
2026-04-20T01:50:30Z,7,bottom,656941,Kyle Schwarber,669276,Dylan Lee,0,0,empty,2,SL,0.4928,"[{""type"":""SL"",""prob"":0.4928},{""type"":""FF"",""prob"":0.1564},{""type"":""SI"",""prob"":0.13}]",SL,12,82.4,True,0.3094,0.7077
2026-04-20T01:50:42Z,7,bottom,656941,Kyle Schwarber,669276,Dylan Lee,1,0,empty,2,SL,0.4945,"[{""type"":""SL"",""prob"":0.4945},{""type"":""FF"",""prob"":0.2428},{""type"":""SI"",""prob"":0.114}]",FF,1,93.0,False,0.8351,1.4155
2026-04-20T01:51:06Z,7,bottom,656941,Kyle Schwarber,669276,Dylan Lee,1,1,empty,2,SL,0.6201,"[{""type"":""SL"",""prob"":0.6201},{""type"":""FF"",""prob"":0.2312},{""type"":""SI"",""prob"":0.0599}]",SL,8,84.4,True,0.2032,0.4779
2026-04-20T01:51:42Z,7,bottom,656941,Kyle Schwarber,669276,Dylan Lee,1,2,empty,2,SL,0.5433,"[{""type"":""SL"",""prob"":0.5433},{""type"":""FF"",""prob"":0.2694},{""type"":""SI"",""prob"":0.089}]",SL,13,85.5,True,0.2916,0.61
2026-04-20T01:52:07Z,7,bottom,656941,Kyle Schwarber,669276,Dylan Lee,2,2,empty,2,SL,0.6445,"[{""type"":""SL"",""prob"":0.6445},{""type"":""FF"",""prob"":0.2397},{""type"":""SI"",""prob"":0.0556}]",FF,12,94.5,False,0.9975,1.4282
2026-04-20T01:52:31Z,7,bottom,656941,Kyle Schwarber,669276,Dylan Lee,2,2,empty,2,SL,0.6206,"[{""type"":""SL"",""prob"":0.6206},{""type"":""FF"",""prob"":0.2798},{""type"":""SI"",""prob"":0.0458}]",SL,13,86.3,True,0.2253,0.4771
2026-04-20T01:52:43Z,7,bottom,656941,Kyle Schwarber,669276,Dylan Lee,3,2,empty,2,SL,0.6363,"[{""type"":""SL"",""prob"":0.6363},{""type"":""FF"",""prob"":0.2452},{""type"":""SI"",""prob"":0.0555}]",SL,13,86.5,True,0.1967,0.452
2026-04-20T01:52:55Z,7,top,547180,,669276,Dylan Lee,0,0,empty,2,SL,0.5224,"[{""type"":""SL"",""prob"":0.5224},{""type"":""FF"",""prob"":0.2961},{""type"":""CH"",""prob"":0.0697}]",SL,7,84.0,True,0.3239,0.6493
2026-04-20T01:53:19Z,7,bottom,547180,Bryce Harper,669276,Dylan Lee,0,1,1B,2,SL,0.7452,"[{""type"":""SL"",""prob"":0.7452},{""type"":""FF"",""prob"":0.1788},{""type"":""SI"",""prob"":0.0291}]",SL,7,82.7,True,0.0984,0.2941
2026-04-20T01:53:31Z,7,bottom,547180,Bryce Harper,669276,Dylan Lee,0,2,1B,2,SL,0.7765,"[{""type"":""SL"",""prob"":0.7765},{""type"":""FF"",""prob"":0.1416},{""type"":""SI"",""prob"":0.0379}]",SL,13,85.5,True,0.0721,0.253
2026-04-20T01:53:56Z,7,bottom,547180,Bryce Harper,669276,Dylan Lee,0,2,1B,2,SL,0.7743,"[{""type"":""SL"",""prob"":0.7743},{""type"":""FF"",""prob"":0.1493},{""type"":""SI"",""prob"":0.0349}]",FF,12,94.0,False,1.3251,1.902
2026-04-20T01:54:32Z,7,bottom,547180,Bryce Harper,669276,Dylan Lee,0,2,1B,2,SL,0.7605,"[{""type"":""SL"",""prob"":0.7605},{""type"":""FF"",""prob"":0.1656},{""type"":""SI"",""prob"":0.027}]",SL,2,83.5,True,0.0862,0.2738
2026-04-20T01:57:10Z,8,top,642086,Dominic Smith,689147,Orion Kerkering,0,0,empty,0,SI,0.1946,"[{""type"":""SI"",""prob"":0.1946},{""type"":""FF"",""prob"":0.1816},{""type"":""FC"",""prob"":0.1557}]",ST,5,85.9,False,1.0015,2.8357
2026-04-20T01:57:34Z,8,top,643289,Mauricio Dubón,689147,Orion Kerkering,0,0,empty,1,FA,0.3055,"[{""type"":""FA"",""prob"":0.3055},{""type"":""KN"",""prob"":0.1471},{""type"":""EP"",""prob"":0.1056}]",FF,3,97.0,False,0.9755,2.4401
2026-04-20T01:57:58Z,8,top,643289,Mauricio Dubón,689147,Orion Kerkering,0,1,empty,1,FF,0.3159,"[{""type"":""FF"",""prob"":0.3159},{""type"":""ST"",""prob"":0.2901},{""type"":""CU"",""prob"":0.0656}]",SI,8,94.4,False,1.1375,3.4757
2026-04-20T01:58:10Z,8,top,643289,Mauricio Dubón,689147,Orion Kerkering,0,2,empty,1,ST,0.2948,"[{""type"":""ST"",""prob"":0.2948},{""type"":""FF"",""prob"":0.2229},{""type"":""SI"",""prob"":0.1848}]",FF,11,94.3,False,0.736,1.5011
2026-04-20T01:58:35Z,8,top,671739,Michael Harris II,689147,Orion Kerkering,0,0,empty,2,FF,0.2609,"[{""type"":""FF"",""prob"":0.2609},{""type"":""SI"",""prob"":0.2067},{""type"":""ST"",""prob"":0.1727}]",FS,14,92.5,False,1.1119,3.6847
2026-04-20T01:58:59Z,8,top,671739,Michael Harris II,689147,Orion Kerkering,1,0,empty,2,FF,0.2686,"[{""type"":""FF"",""prob"":0.2686},{""type"":""FS"",""prob"":0.2025},{""type"":""SI"",""prob"":0.2012}]",FF,12,96.2,True,0.6455,1.3144
2026-04-20T01:59:23Z,8,top,671739,Michael Harris II,689147,Orion Kerkering,2,0,empty,2,FF,0.4424,"[{""type"":""FF"",""prob"":0.4424},{""type"":""SI"",""prob"":0.2013},{""type"":""ST"",""prob"":0.1157}]",FF,12,96.9,True,0.3807,0.8155
2026-04-20T01:59:35Z,8,top,671739,Michael Harris II,689147,Orion Kerkering,3,0,empty,2,FF,0.4469,"[{""type"":""FF"",""prob"":0.4469},{""type"":""SI"",""prob"":0.2234},{""type"":""FS"",""prob"":0.125}]",FF,14,96.7,True,0.3854,0.8055
2026-04-20T02:00:12Z,8,top,660670,Ronald Acuña Jr.,689147,Orion Kerkering,0,0,1B,2,ST,0.2484,"[{""type"":""ST"",""prob"":0.2484},{""type"":""FF"",""prob"":0.2261},{""type"":""SI"",""prob"":0.2196}]",ST,14,86.7,True,0.684,1.3927
2026-04-20T02:00:24Z,8,top,660670,Ronald Acuña Jr.,689147,Orion Kerkering,1,0,1B,2,ST,0.4607,"[{""type"":""ST"",""prob"":0.4607},{""type"":""FF"",""prob"":0.2197},{""type"":""SI"",""prob"":0.156}]",FF,14,96.9,False,0.8551,1.5157
2026-04-20T02:00:48Z,8,top,660670,Ronald Acuña Jr.,689147,Orion Kerkering,2,0,1B,2,FF,0.5205,"[{""type"":""FF"",""prob"":0.5205},{""type"":""ST"",""prob"":0.1761},{""type"":""SI"",""prob"":0.1718}]",ST,9,86.2,False,0.9834,1.7365
2026-04-20T02:01:25Z,8,top,660670,Ronald Acuña Jr.,689147,Orion Kerkering,2,1,1B,2,ST,0.4113,"[{""type"":""ST"",""prob"":0.4113},{""type"":""FF"",""prob"":0.3344},{""type"":""SI"",""prob"":0.1137}]",SI,11,95.1,False,1.0745,2.1739
2026-04-20T02:02:01Z,8,top,660670,Ronald Acuña Jr.,689147,Orion Kerkering,2,2,1B,2,ST,0.4699,"[{""type"":""ST"",""prob"":0.4699},{""type"":""FF"",""prob"":0.2603},{""type"":""SI"",""prob"":0.1236}]",SI,11,94.9,False,1.0656,2.0909
2026-04-20T02:04:52Z,8,bottom,666969,Adolis García,663158,Robert Suarez,0,0,empty,0,FF,0.1688,"[{""type"":""FF"",""prob"":0.1688},{""type"":""SI"",""prob"":0.1502},{""type"":""FC"",""prob"":0.1186}]",FC,2,95.6,False,0.8603,2.1323
2026-04-20T02:05:16Z,8,bottom,666969,Adolis García,663158,Robert Suarez,0,1,empty,0,FC,0.4182,"[{""type"":""FC"",""prob"":0.4182},{""type"":""EP"",""prob"":0.1642},{""type"":""FA"",""prob"":0.1565}]",SI,13,98.1,False,1.1377,2.9856
2026-04-20T02:05:41Z,8,bottom,666969,Adolis García,663158,Robert Suarez,1,1,empty,0,FC,0.3789,"[{""type"":""FC"",""prob"":0.3789},{""type"":""SI"",""prob"":0.2277},{""type"":""SL"",""prob"":0.0875}]",FC,14,96.8,True,0.4551,0.9706
2026-04-20T02:06:05Z,8,bottom,666969,Adolis García,663158,Robert Suarez,2,1,empty,0,FC,0.5971,"[{""type"":""FC"",""prob"":0.5971},{""type"":""SI"",""prob"":0.1681},{""type"":""SL"",""prob"":0.0632}]",CH,13,89.9,False,1.367,4.3935
2026-04-20T02:06:17Z,8,bottom,666969,Adolis García,663158,Robert Suarez,2,2,empty,0,FC,0.3887,"[{""type"":""FC"",""prob"":0.3887},{""type"":""SI"",""prob"":0.3107},{""type"":""CH"",""prob"":0.0855}]",CH,7,90.8,False,1.0906,2.459
2026-04-20T02:06:29Z,8,bottom,666969,Adolis García,663158,Robert Suarez,2,2,empty,0,FC,0.4036,"[{""type"":""FC"",""prob"":0.4036},{""type"":""SI"",""prob"":0.3004},{""type"":""CH"",""prob"":0.1113}]",FF,3,98.9,False,1.2079,3.4658
2026-04-20T02:06:54Z,8,bottom,666969,Adolis García,663158,Robert Suarez,2,2,empty,0,FC,0.3173,"[{""type"":""FC"",""prob"":0.3173},{""type"":""SI"",""prob"":0.288},{""type"":""CH"",""prob"":0.1325}]",CH,4,90.1,False,0.9519,2.0209
2026-04-20T02:07:19Z,8,bottom,669016,Brandon Marsh,663158,Robert Suarez,0,0,empty,1,FC,0.2769,"[{""type"":""FC"",""prob"":0.2769},{""type"":""CH"",""prob"":0.2631},{""type"":""SI"",""prob"":0.1626}]",FF,8,98.7,False,1.0692,2.8739
2026-04-20T02:08:08Z,8,bottom,664761,Alec Bohm,663158,Robert Suarez,0,0,empty,2,FC,0.3124,"[{""type"":""FC"",""prob"":0.3124},{""type"":""SI"",""prob"":0.2659},{""type"":""CH"",""prob"":0.143}]",FF,1,98.7,False,1.0116,2.3426
2026-04-20T02:08:08Z,8,bottom,664761,Alec Bohm,663158,Robert Suarez,0,0,empty,2,FC,0.3124,"[{""type"":""FC"",""prob"":0.3124},{""type"":""SI"",""prob"":0.2659},{""type"":""CH"",""prob"":0.143}]",SI,5,98.4,False,0.672,1.3246
2026-04-20T02:08:44Z,8,bottom,664761,Alec Bohm,663158,Robert Suarez,0,2,empty,2,FC,0.2851,"[{""type"":""FC"",""prob"":0.2851},{""type"":""SI"",""prob"":0.2091},{""type"":""CH"",""prob"":0.1673}]",FF,12,99.4,False,0.8963,1.9535
2026-04-20T02:08:56Z,8,bottom,664761,Alec Bohm,663158,Robert Suarez,1,2,empty,2,SI,0.236,"[{""type"":""SI"",""prob"":0.236},{""type"":""CH"",""prob"":0.2051},{""type"":""FC"",""prob"":0.2042}]",FF,12,99.4,False,0.7896,1.6248
2026-04-20T02:09:20Z,8,bottom,664761,Alec Bohm,663158,Robert Suarez,1,2,empty,2,SI,0.2304,"[{""type"":""SI"",""prob"":0.2304},{""type"":""CH"",""prob"":0.2118},{""type"":""FC"",""prob"":0.1997}]",CH,8,89.2,False,0.7518,1.5522
2026-04-20T02:09:45Z,8,bottom,664761,Alec Bohm,663158,Robert Suarez,1,2,empty,2,CH,0.2463,"[{""type"":""CH"",""prob"":0.2463},{""type"":""SI"",""prob"":0.2302},{""type"":""FF"",""prob"":0.206}]",CH,6,89.6,True,0.6966,1.4013
2026-04-20T02:12:22Z,9,top,686948,Drake Baldwin,686751,Seth Johnson,0,0,empty,0,SI,0.1946,"[{""type"":""SI"",""prob"":0.1946},{""type"":""FF"",""prob"":0.1816},{""type"":""FC"",""prob"":0.1557}]",FF,6,97.8,False,0.7557,1.706
2026-04-20T02:12:59Z,9,top,621566,Matt Olson,686751,Seth Johnson,0,0,empty,1,FF,0.2451,"[{""type"":""FF"",""prob"":0.2451},{""type"":""FC"",""prob"":0.1206},{""type"":""CH"",""prob"":0.113}]",FF,3,98.4,True,0.6372,1.4062
2026-04-20T02:13:35Z,9,top,621566,Matt Olson,686751,Seth Johnson,0,1,empty,1,FF,0.449,"[{""type"":""FF"",""prob"":0.449},{""type"":""CU"",""prob"":0.1299},{""type"":""FC"",""prob"":0.0664}]",FS,14,89.4,False,1.198,3.8504
2026-04-20T02:13:47Z,9,top,621566,Matt Olson,686751,Seth Johnson,1,1,empty,1,FF,0.6042,"[{""type"":""FF"",""prob"":0.6042},{""type"":""FS"",""prob"":0.186},{""type"":""SL"",""prob"":0.0709}]",FS,3,90.5,False,1.0368,1.6823
2026-04-20T02:13:59Z,9,top,621566,Matt Olson,686751,Seth Johnson,1,2,empty,1,FF,0.5928,"[{""type"":""FF"",""prob"":0.5928},{""type"":""FS"",""prob"":0.1913},{""type"":""SI"",""prob"":0.0564}]",CU,14,82.4,False,1.3591,3.9633
2026-04-20T02:14:36Z,9,top,663586,Austin Riley,686751,Seth Johnson,0,0,empty,2,FF,0.487,"[{""type"":""FF"",""prob"":0.487},{""type"":""CU"",""prob"":0.1548},{""type"":""FS"",""prob"":0.1382}]",FF,2,98.0,True,0.3162,0.7194
2026-04-20T02:14:48Z,9,top,663586,Austin Riley,686751,Seth Johnson,0,1,empty,2,FF,0.6303,"[{""type"":""FF"",""prob"":0.6303},{""type"":""FS"",""prob"":0.13},{""type"":""CU"",""prob"":0.1244}]",SL,9,88.1,False,1.3555,3.2549
2026-04-20T02:15:00Z,9,top,663586,Austin Riley,686751,Seth Johnson,0,2,empty,2,FF,0.5529,"[{""type"":""FF"",""prob"":0.5529},{""type"":""SL"",""prob"":0.1895},{""type"":""CU"",""prob"":0.1106}]",SL,9,88.3,False,0.9841,1.6633
2026-04-20T02:18:02Z,9,bottom,681082,Bryson Stott,628452,Raisel Iglesias,0,0,empty,0,SI,0.1946,"[{""type"":""SI"",""prob"":0.1946},{""type"":""FF"",""prob"":0.1816},{""type"":""FC"",""prob"":0.1557}]",FF,11,91.6,False,0.7557,1.706
2026-04-20T02:18:02Z,9,bottom,681082,Bryson Stott,628452,Raisel Iglesias,0,0,empty,0,SI,0.1946,"[{""type"":""SI"",""prob"":0.1946},{""type"":""FF"",""prob"":0.1816},{""type"":""FC"",""prob"":0.1557}]",FF,5,91.5,False,0.7557,1.706
2026-04-20T02:18:26Z,9,bottom,681082,Bryson Stott,628452,Raisel Iglesias,1,1,empty,0,FF,0.452,"[{""type"":""FF"",""prob"":0.452},{""type"":""SV"",""prob"":0.0978},{""type"":""KC"",""prob"":0.0825}]",CH,13,86.2,False,1.1204,2.8107
2026-04-20T02:19:15Z,9,top,665561,,628452,Raisel Iglesias,0,0,empty,0,FF,0.3205,"[{""type"":""FF"",""prob"":0.3205},{""type"":""CH"",""prob"":0.1964},{""type"":""SI"",""prob"":0.1227}]",FF,5,93.0,True,0.539,1.1379
2026-04-20T02:19:39Z,9,bottom,702222,Justin Crawford,628452,Raisel Iglesias,0,0,2B,1,FF,0.3436,"[{""type"":""FF"",""prob"":0.3436},{""type"":""CH"",""prob"":0.3404},{""type"":""SI"",""prob"":0.0655}]",FF,14,92.8,True,0.5603,1.0683
2026-04-20T02:19:51Z,9,bottom,702222,Justin Crawford,628452,Raisel Iglesias,1,0,2B,1,FF,0.415,"[{""type"":""FF"",""prob"":0.415},{""type"":""CH"",""prob"":0.2424},{""type"":""SV"",""prob"":0.0646}]",FF,14,91.9,True,0.417,0.8795
2026-04-20T02:20:04Z,9,bottom,702222,Justin Crawford,628452,Raisel Iglesias,2,0,2B,1,FF,0.6073,"[{""type"":""FF"",""prob"":0.6073},{""type"":""CH"",""prob"":0.1202},{""type"":""SV"",""prob"":0.0848}]",FF,14,92.7,True,0.1826,0.4988
2026-04-20T02:20:28Z,9,bottom,702222,Justin Crawford,628452,Raisel Iglesias,2,1,2B,1,FF,0.6355,"[{""type"":""FF"",""prob"":0.6355},{""type"":""CH"",""prob"":0.1008},{""type"":""KC"",""prob"":0.0587}]",FF,5,93.6,True,0.1528,0.4534
2026-04-20T02:20:52Z,9,bottom,702222,Justin Crawford,628452,Raisel Iglesias,2,2,2B,1,FF,0.6948,"[{""type"":""FF"",""prob"":0.6948},{""type"":""CH"",""prob"":0.1041},{""type"":""CU"",""prob"":0.0412}]",FF,5,94.0,True,0.1093,0.3642
2026-04-20T02:21:04Z,9,bottom,702222,Justin Crawford,628452,Raisel Iglesias,2,2,2B,1,FF,0.685,"[{""type"":""FF"",""prob"":0.685},{""type"":""CH"",""prob"":0.122},{""type"":""CU"",""prob"":0.032}]",CH,13,87.7,False,1.245,2.1036
2026-04-20T02:21:29Z,9,bottom,702222,Justin Crawford,628452,Raisel Iglesias,3,2,2B,1,FF,0.5035,"[{""type"":""FF"",""prob"":0.5035},{""type"":""CH"",""prob"":0.2542},{""type"":""SV"",""prob"":0.0637}]",FF,14,92.7,True,0.3197,0.6862
2026-04-20T02:22:05Z,9,bottom,607208,Trea Turner,628452,Raisel Iglesias,0,0,"1B,2B",1,FF,0.5585,"[{""type"":""FF"",""prob"":0.5585},{""type"":""CH"",""prob"":0.224},{""type"":""KC"",""prob"":0.0553}]",SI,13,93.3,False,1.3261,3.8382
2026-04-20T02:22:18Z,9,bottom,607208,Trea Turner,628452,Raisel Iglesias,0,1,"1B,2B",1,FF,0.3511,"[{""type"":""FF"",""prob"":0.3511},{""type"":""SI"",""prob"":0.2987},{""type"":""CH"",""prob"":0.1405}]",CH,13,88.5,False,0.9601,1.9626
2026-04-20T02:22:42Z,9,bottom,607208,Trea Turner,628452,Raisel Iglesias,0,2,"1B,2B",1,CH,0.3955,"[{""type"":""CH"",""prob"":0.3955},{""type"":""FF"",""prob"":0.3668},{""type"":""SI"",""prob"":0.1426}]",CH,13,88.4,True,0.522,0.9276
2026-04-20T02:22:54Z,9,bottom,607208,Trea Turner,628452,Raisel Iglesias,1,2,"1B,2B",1,FF,0.393,"[{""type"":""FF"",""prob"":0.393},{""type"":""CH"",""prob"":0.387},{""type"":""SI"",""prob"":0.1383}]",FF,3,93.4,True,0.5387,0.9339
2026-04-20T02:23:31Z,9,bottom,656941,Kyle Schwarber,628452,Raisel Iglesias,0,0,"1B,2B",2,CH,0.4113,"[{""type"":""CH"",""prob"":0.4113},{""type"":""FF"",""prob"":0.3679},{""type"":""SI"",""prob"":0.1094}]",CH,13,87.7,True,0.4957,0.8885
2026-04-20T02:23:43Z,9,bottom,656941,Kyle Schwarber,628452,Raisel Iglesias,1,0,"1B,2B",2,CH,0.4633,"[{""type"":""CH"",""prob"":0.4633},{""type"":""FF"",""prob"":0.4035},{""type"":""SI"",""prob"":0.0881}]",CH,13,87.8,True,0.4591,0.7694
2026-04-20T02:23:55Z,9,bottom,656941,Kyle Schwarber,628452,Raisel Iglesias,1,1,"1B,2B",2,CH,0.4925,"[{""type"":""CH"",""prob"":0.4925},{""type"":""FF"",""prob"":0.3961},{""type"":""SI"",""prob"":0.066}]",FF,3,93.5,False,0.612,0.926
2026-04-20T02:24:31Z,9,bottom,656941,Kyle Schwarber,628452,Raisel Iglesias,1,2,"1B,2B",2,CH,0.4702,"[{""type"":""CH"",""prob"":0.4702},{""type"":""FF"",""prob"":0.3792},{""type"":""SI"",""prob"":0.0889}]",FF,3,94.0,False,0.6153,0.9698
2026-04-20T02:24:56Z,9,bottom,656941,Kyle Schwarber,628452,Raisel Iglesias,1,2,"1B,2B",2,CH,0.4697,"[{""type"":""CH"",""prob"":0.4697},{""type"":""FF"",""prob"":0.3824},{""type"":""SI"",""prob"":0.0902}]",CH,13,87.6,True,0.4364,0.7557
2026-04-20T02:25:08Z,9,bottom,656941,Kyle Schwarber,628452,Raisel Iglesias,2,2,"1B,2B",2,CH,0.4748,"[{""type"":""CH"",""prob"":0.4748},{""type"":""FF"",""prob"":0.3829},{""type"":""SI"",""prob"":0.0945}]",CH,13,88.0,True,0.4319,0.7448
